<?xml version="1.0"?>
<doc>
    <assembly>
        <name>LinkTextBoxControl</name>
    </assembly>
    <members>
        <member name="T:IMP.SharedControls.Design.EditorServiceContext">
            <summary>
            Provides an implementation of IWindowsFormsEditorService ITypeDescriptorContext and IServiceProvider.
            </summary>
        </member>
        <member name="T:IMP.SharedControls.Design.DesignerUtils">
            <summary>
            Designer Helper methods
            </summary>
        </member>
        <member name="T:IMP.SharedControls.Design.LinkTextBoxDesigner">
            <summary>
            ControlDesigner pro LinkTextBox control
            </summary>
        </member>
        <member name="T:IMP.SharedControls.Design.LinkTextBoxActionList">
            <summary>
            LinkTextBoxActionList class represents a list of smart tag items for LinkTextBox control
            </summary>
        </member>
        <member name="M:IMP.SharedControls.Design.LinkTextBoxActionList.GetSortedActionItems">
            <summary>
            This is the method that returns which smart tag items are displayed at any given time.
            </summary>
            <remarks>
            If this method is not overriden, all properties and methods on the class will be returned
            in a collection and the sorting will be based on the order items are returned from reflection.
            </remarks>
            <returns>DesignerActionItemCollection</returns>
        </member>
        <member name="M:IMP.SharedControls.Design.LinkTextBoxActionList.GetPropertyByName(System.String)">
            <summary>
            Helper method to retrieve control properties. Use of 
            GetProperties enables undo and menu updates to work properly.
            </summary>
            <param name="PropertyName">Property name</param>
            <returns>PropertyDescriptor of Property</returns>
            <exception cref="T:System.ArgumentException">Matching control property not found!</exception>
        </member>
        <member name="T:IMP.SharedControls.LexicalSymbols">
            <summary>
            Lexikální symboly pro detekci linku
            </summary>
        </member>
        <member name="F:IMP.SharedControls.LexicalSymbols.NotSet">
            <summary>
            Nepřečteno
            </summary>
        </member>
        <member name="F:IMP.SharedControls.LexicalSymbols.AtSign">
            <summary>
            @
            </summary>
        </member>
        <member name="F:IMP.SharedControls.LexicalSymbols.Dot">
            <summary>
            .
            </summary>
        </member>
        <member name="F:IMP.SharedControls.LexicalSymbols.Colon">
            <summary>
            :
            </summary>
        </member>
        <member name="F:IMP.SharedControls.LexicalSymbols.Slash">
            <summary>
            /
            </summary>
        </member>
        <member name="F:IMP.SharedControls.LexicalSymbols.LeftBracket">
            <summary>
            [
            </summary>
        </member>
        <member name="F:IMP.SharedControls.LexicalSymbols.RightBracket">
            <summary>
            ]
            </summary>
        </member>
        <member name="F:IMP.SharedControls.LexicalSymbols.NumberCharacter">
            <summary>
            [0-9]
            </summary>
        </member>
        <member name="F:IMP.SharedControls.LexicalSymbols.LinkWordCharacter">
            <summary>
            [a-zA-Z\-\_]
            </summary>
        </member>
        <member name="F:IMP.SharedControls.LexicalSymbols.WhiteSpaceCharacter">
            <summary>
            [ \f\n\r\t\v].  (\s)
            </summary>
        </member>
        <member name="F:IMP.SharedControls.LexicalSymbols.OtherUrlCharacter">
            <summary>
            '?', '&amp;', '=', '%, '$', '+', '!', '*', ''', '(', ')'
            </summary>
        </member>
        <member name="F:IMP.SharedControls.LexicalSymbols.NonWordCharacter">
            <summary>
            Other nonword character
            </summary>
        </member>
        <member name="F:IMP.SharedControls.LexicalSymbols.End">
            <summary>
            End of text
            </summary>
        </member>
        <member name="T:IMP.SharedControls.LinksDetect">
            <summary>
            Pomocná třída pro detekci linků
            </summary>
        </member>
        <member name="F:IMP.SharedControls.LinksDetect.Owner">
            <summary>
            LinkTextBox control
            </summary>
        </member>
        <member name="F:IMP.SharedControls.LinksDetect.IsDisposed">
            <summary>
            Příznak uvolnění objektu
            </summary>
        </member>
        <member name="M:IMP.SharedControls.LinksDetect.#ctor(IMP.SharedControls.LinkTextBox)">
            <summary>
            LinksDetect class constructor
            </summary>
            <param name="owner">Owner</param>
        </member>
        <member name="M:IMP.SharedControls.LinksDetect.Finalize">
            <summary>
            Implementace metody <c>Finalize</c> pro uvolnění objektu
            </summary>
        </member>
        <member name="M:IMP.SharedControls.LinksDetect.Dispose">
            <summary>
            Implementace metody <c>Dispose</c> pro interface <c>IDisposable</c>
            </summary>
        </member>
        <member name="M:IMP.SharedControls.LinksDetect.LinkStart">
            <summary>
            Začátek slova pro link
            </summary>
        </member>
        <member name="M:IMP.SharedControls.LinksDetect.ReadWord">
            <summary>
            [\w-]+
            </summary>
            <returns>Word string</returns>
        </member>
        <member name="M:IMP.SharedControls.LinksDetect.ReadUrl">
            <summary>
            [\w-]+
            </summary>
            <returns>Word string</returns>
        </member>
        <member name="M:IMP.SharedControls.LinksDetect.Dispose(System.Boolean)">
            <summary>
            Uzavření a uvolnění objektu
            </summary>
            <param name="IsDisposing"><c>false</c> if method has been called by finalizer</param>
            <remarks>
            If <c>IsDisposing</c> is <c>false</c> method has been called by the 
            runtime from inside the finalizer and you should not reference 
            other objects. Only unmanaged resources can be disposed.
            </remarks>
        </member>
        <member name="T:IMP.SharedControls.LinksLexicalAnalyzer">
            <summary>
            Pomocná třída lexikálního analyzátoru pro detekci linků
            </summary>
        </member>
        <member name="F:IMP.SharedControls.LinksLexicalAnalyzer.SourceReader">
            <summary>
            Source text reader
            </summary>
        </member>
        <member name="F:IMP.SharedControls.LinksLexicalAnalyzer.position">
            <summary>
            Position in text
            </summary>
        </member>
        <member name="F:IMP.SharedControls.LinksLexicalAnalyzer.CurrentLexicalSymbol">
            <summary>
            Aktuální lexikální symbol
            </summary>
        </member>
        <member name="F:IMP.SharedControls.LinksLexicalAnalyzer.IsDisposed">
            <summary>
            Příznak uvolnění objektu
            </summary>
        </member>
        <member name="M:IMP.SharedControls.LinksLexicalAnalyzer.Finalize">
            <summary>
            Implementace metody <c>Finalize</c> pro uvolnění objektu
            </summary>
        </member>
        <member name="M:IMP.SharedControls.LinksLexicalAnalyzer.Read">
            <summary>
            Čte a vrací jeden znak ze vstupu
            </summary>
            <returns>Přečtený znak vstupu</returns>
        </member>
        <member name="M:IMP.SharedControls.LinksLexicalAnalyzer.UndoRead">
            <summary>
            Vrácen přečtení jednoho znaku
            </summary>
            <returns>Přečtený znak vstupu</returns>
        </member>
        <member name="M:IMP.SharedControls.LinksLexicalAnalyzer.Peak">
            <summary>
            Vrací lexikement znaku, který bude přečten nasledujícím voláním metody <c>Read</c>
            </summary>
            <returns></returns>
        </member>
        <member name="M:IMP.SharedControls.LinksLexicalAnalyzer.Dispose">
            <summary>
            Implementace metody <c>Dispose</c> pro interface <c>IDisposable</c>
            </summary>
        </member>
        <member name="M:IMP.SharedControls.LinksLexicalAnalyzer.Dispose(System.Boolean)">
            <summary>
            Uzavření a uvolnění objektu
            </summary>
            <param name="IsDisposing"><c>false</c> if method has been called by finalizer</param>
            <remarks>
            If <c>IsDisposing</c> is <c>false</c> method has been called by the 
            runtime from inside the finalizer and you should not reference 
            other objects. Only unmanaged resources can be disposed.
            </remarks>
        </member>
        <member name="T:IMP.SharedControls.TextBoxLinkInvokeMethod">
            <summary>
            Type defining method how to invoke link action in LinkTextBox control
            </summary>
        </member>
        <member name="F:IMP.SharedControls.TextBoxLinkInvokeMethod.CTRLKey">
            <summary>
            Link is invoked by CTRL key + mouse click
            </summary>
        </member>
        <member name="F:IMP.SharedControls.TextBoxLinkInvokeMethod.Direct">
            <summary>
            Link is invoked directly by mouse click
            </summary>
        </member>
        <member name="F:IMP.SharedControls.TextBoxLinkInvokeMethod.DoubleClick">
            <summary>
            Link is invoked by mouse double click
            </summary>
        </member>
        <member name="F:IMP.SharedControls.TextBoxLinkInvokeMethod.CTRLKeyOrDoubleClick">
            <summary>
            Link is invoked by CTRL key + mouse click or by mouse double click
            </summary>
        </member>
        <member name="F:IMP.SharedControls.TextBoxLinkInvokeMethod.Disabled">
            <summary>
            Link action is disabled
            </summary>
        </member>
        <member name="T:IMP.SharedControls.LinkTextBoxLinkInvokedEventHandler">
            <summary>
            Represents the method that will handle the LinkInvoked event of a LinkTextBox control.
            </summary>
            <param name="sender"></param>
            <param name="e"></param>
        </member>
        <member name="T:IMP.SharedControls.LinkTextBoxLinkInvokedEventArgs">
            <summary>
            Provides data for the LinkTextBox.LinkInvoked event.
            </summary>
        </member>
        <member name="M:IMP.SharedControls.LinkTextBoxLinkInvokedEventArgs.#ctor(IMP.SharedControls.LinkTextBox.Link)">
            <summary>
            Initializes a new instance of the LinkTextBoxLinkInvokedEventArgs class with the specified link.
            </summary>
            <param name="link">The LinkTextBox.Link that was invoked.</param>
        </member>
        <member name="M:IMP.SharedControls.LinkTextBoxLinkInvokedEventArgs.#ctor(IMP.SharedControls.LinkTextBox.Link,System.Windows.Forms.MouseButtons)">
            <summary>
            Initializes a new instance of the LinkTextBoxLinkInvokedEventArgs class with the specified link and the specified mouse button..
            </summary>
            <param name="link">The LinkTextBox.Link that was invoked</param>
            <param name="button">One of the System.Windows.Forms.MouseButtons values</param>
        </member>
        <member name="M:IMP.SharedControls.LinkTextBoxLinkInvokedEventArgs.#ctor(IMP.SharedControls.LinkTextBox.Link,System.Windows.Forms.MouseButtons,System.Boolean)">
            <summary>
            Initializes a new instance of the LinkTextBoxLinkInvokedEventArgs class with the specified link and the specified mouse button..
            </summary>
            <param name="link">The LinkTextBox.Link that was invoked</param>
            <param name="button">One of the System.Windows.Forms.MouseButtons values</param>
            <param name="cancel">true to cancel the event; otherwise, false</param>
        </member>
        <member name="P:IMP.SharedControls.LinkTextBoxLinkInvokedEventArgs.Button">
            <summary>
            Gets the mouse button that causes the link to be clicked.
            </summary>
        </member>
        <member name="P:IMP.SharedControls.LinkTextBoxLinkInvokedEventArgs.Link">
            <summary>
            A link on the LinkTextBox control.
            </summary>
        </member>
        <member name="P:IMP.SharedControls.LinkTextBoxLinkInvokedEventArgs.Cancel">
            <summary>
            Gets or sets a value indicating whether the default event action should be canceled.
            </summary>
        </member>
        <member name="P:IMP.SharedControls.LinkTextBoxLinkInvokedEventArgs.Handled">
            <summary>
            Gets or sets a value indicating whether the LinkTextBox.LinkInvoked event was handled.
            if not the default action will be performed.
            </summary>
        </member>
        <member name="T:IMP.SharedControls.LinkTextBox">
            <summary>
            Represents TextBox control with a Hyperlink support.
            </summary>
            <histories>
            <history date="03.11.2006" author="Jan Holan">Vytvoření</history>
            </histories>
        </member>
        <member name="F:IMP.SharedControls.LinkTextBox.cLinkCTRLDefaultToolTipText">
            <summary>
            Default tool tip text for link in CTRLKey or CTRLKeyOrDoubleClick invoke method
            </summary>
        </member>
        <member name="T:IMP.SharedControls.LinkTextBox.LinkType">
            <summary>
            Type of links within a LinkTextBox control
            </summary>
        </member>
        <member name="F:IMP.SharedControls.LinkTextBox.LinkType.Url">
            <summary>
            The complete URL link, including the protocol (http, https, ftp, file, gopher, nntp, prospero, telnet, news, wais)
            </summary>
        </member>
        <member name="F:IMP.SharedControls.LinkTextBox.LinkType.Email">
            <summary>
            Email adress link
            </summary>
        </member>
        <member name="T:IMP.SharedControls.LinkTextBox.Link">
            <summary>
            Represents a link within a LinkTextBox control
            </summary>
        </member>
        <member name="F:IMP.SharedControls.LinkTextBox.Link.start">
            <summary>
            Starting location of the link within the text of the LinkTextBox control
            </summary>
        </member>
        <member name="F:IMP.SharedControls.LinkTextBox.Link.length">
            <summary>
            Number of characters in the link text
            </summary>
        </member>
        <member name="F:IMP.SharedControls.LinkTextBox.Link.type">
            <summary>
            Link type (URL or email)
            </summary>
        </member>
        <member name="F:IMP.SharedControls.LinkTextBox.Link.value">
            <summary>
            Link value - URL link or email address
            </summary>
        </member>
        <member name="F:IMP.SharedControls.LinkTextBox.Link.owner">
            <summary>
            Link owner LinkTextBox control object
            </summary>
        </member>
        <member name="M:IMP.SharedControls.LinkTextBox.Link.#ctor(IMP.SharedControls.LinkTextBox,System.Int32,System.Int32,IMP.SharedControls.LinkTextBox.LinkType,System.String)">
            <summary>
            Initializes a new instance of the LinkTextBox.Link class
            </summary>
        </member>
        <member name="M:IMP.SharedControls.LinkTextBox.Link.IncludeChar(System.Int32)">
            <summary>
            return <c>true</c> if char is included in link position, <c>false</c> otherwise
            </summary>
            <param name="CharIndex">Pozition of char in LinkTextBox control text</param>
            <returns>return <c>true</c> if char is included in link position, <c>false</c> otherwise</returns>
        </member>
        <member name="P:IMP.SharedControls.LinkTextBox.Link.Start">
            <summary>
            Gets the starting location of the link within the text of the LinkTextBox control
            </summary>
        </member>
        <member name="P:IMP.SharedControls.LinkTextBox.Link.Length">
            <summary>
            Gets the number of characters in the link text
            </summary>
        </member>
        <member name="P:IMP.SharedControls.LinkTextBox.Link.Text">
            <summary>
            Gets or sets the number of characters in the link.
            </summary>
        </member>
        <member name="P:IMP.SharedControls.LinkTextBox.Link.Type">
            <summary>
            Gets or sets the link type (URL or email)
            </summary>
        </member>
        <member name="P:IMP.SharedControls.LinkTextBox.Link.Value">
            <summary>
            Gets or sets the link value - URL link or email address
            </summary>
        </member>
        <member name="T:IMP.SharedControls.LinkTextBox.LinkCollection">
            <summary>
            Represents the collection of links within a LinkTextBox control.
            </summary>
        </member>
        <member name="T:IMP.SharedControls.LinkTextBox.SelCharPosition">
            <summary>
            Represents a selection position in text
            </summary>
            <remarks>
            The SelectionStart value can be greater than the SelectionEnd value.
            The lower of the two values specifies the character position of the first character in the selection.
            The higher value specifies the position of the first character beyond the selection. 
            </remarks>
        </member>
        <member name="F:IMP.SharedControls.LinkTextBox.SelCharPosition.selectionStart">
            <summary>
            Selection start char
            </summary>
        </member>
        <member name="F:IMP.SharedControls.LinkTextBox.SelCharPosition.selectionEnd">
            <summary>
            Selection end char
            </summary>
        </member>
        <member name="M:IMP.SharedControls.LinkTextBox.SelCharPosition.#ctor(System.Int32,System.Int32)">
            <summary>
            Initializes a new instance of the LinkTextBox.SelCharPosition class
            </summary>
            <param name="SelectionStart">Selection start char</param>
            <param name="SelectionEnd">Selection end char</param>
        </member>
        <member name="P:IMP.SharedControls.LinkTextBox.SelCharPosition.SelectionStart">
            <summary>
            Selection start char
            </summary>
        </member>
        <member name="P:IMP.SharedControls.LinkTextBox.SelCharPosition.SelectionEnd">
            <summary>
            Selection end char
            </summary>
        </member>
        <member name="E:IMP.SharedControls.LinkTextBox.LinkInvoked">
            <summary>
            Occurs when the user invoke link action. This depens on LinkInvokeMethod property.
            </summary>
        </member>
        <member name="E:IMP.SharedControls.LinkTextBox.LinkClicked">
            <summary>
            This event is not meaningful for this control.
            </summary>
        </member>
        <member name="M:IMP.SharedControls.LinkTextBox.OnLinkInvoked(IMP.SharedControls.LinkTextBoxLinkInvokedEventArgs)">
            <summary>
            Fires the LinkInvoked event
            </summary>
        </member>
        <member name="F:IMP.SharedControls.LinkTextBox.m_Links">
            <summary>
            Collection of control created links
            </summary>
        </member>
        <member name="F:IMP.SharedControls.LinkTextBox.HoverLink">
            <summary>
            Mouse hover link 
            </summary>
        </member>
        <member name="F:IMP.SharedControls.LinkTextBox.ttTextBox">
            <summary>
            Tool tip text for display link URL
            </summary>
        </member>
        <member name="F:IMP.SharedControls.LinkTextBox.m_LinkInvokeMethod">
            <summary>
            Method how to invoke link action
            </summary>
        </member>
        <member name="F:IMP.SharedControls.LinkTextBox.m_LinkCTRLToolTipText">
            <summary>
            Tool tip text for link in CTRLKey or CTRLKeyOrDoubleClick invoke method
            </summary>
        </member>
        <member name="F:IMP.SharedControls.LinkTextBox.m_LinkColor">
            <summary>
            Color used when displaying a link
            </summary>
        </member>
        <member name="F:IMP.SharedControls.LinkTextBox.m_LinkColorReadOnly">
            <summary>
            Color used when displaying a link and text is read-only
            </summary>
        </member>
        <member name="F:IMP.SharedControls.LinkTextBox.m_ActiveLinkColor">
            <summary>
            color used to display an active link
            </summary>
        </member>
        <member name="F:IMP.SharedControls.LinkTextBox.m_BackColor">
            <summary>
            The background color of the control
            </summary>
        </member>
        <member name="M:IMP.SharedControls.LinkTextBox.#ctor">
            <summary>
            LinkTextBox control constructors
            </summary>
        </member>
        <member name="P:IMP.SharedControls.LinkTextBox.Multiline">
            <summary>
            Gets or sets a value indicating whether this is a multiline LinkTextBox control.
            </summary>
        </member>
        <member name="P:IMP.SharedControls.LinkTextBox.ScrollBars">
            <summary>
            Gets or sets the type of scroll bars to display in the LinkTextBox control.
            </summary>
        </member>
        <member name="P:IMP.SharedControls.LinkTextBox.Text">
            <summary>
            Gets or sets the current text in the LinkTextBox
            </summary>
        </member>
        <member name="P:IMP.SharedControls.LinkTextBox.Links">
            <summary>
            Gets or sets the current text in the LinkTextBox
            </summary>
        </member>
        <member name="P:IMP.SharedControls.LinkTextBox.LinkInvokeMethod">
            <summary>
            Gets or sets method how to invoke link action
            </summary>
        </member>
        <member name="P:IMP.SharedControls.LinkTextBox.LinkCTRLToolTipText">
            <summary>
            Gets or sets tool tip text for link in CTRLKey or CTRLKeyOrDoubleClick invoke method
            </summary>
        </member>
        <member name="P:IMP.SharedControls.LinkTextBox.LinkColor">
            <summary>
            Gets or sets the color used when displaying a link
            </summary>
        </member>
        <member name="P:IMP.SharedControls.LinkTextBox.LinkColorReadOnly">
            <summary>
            Gets or sets the color used when displaying a link and text is read-only
            </summary>
        </member>
        <member name="P:IMP.SharedControls.LinkTextBox.ActiveLinkColor">
            <summary>
            Gets or sets the color used to display an active link
            </summary>
        </member>
        <member name="P:IMP.SharedControls.LinkTextBox.BackColor">
            <summary>
            Gets or sets the background color of the control
            </summary>
        </member>
        <member name="P:IMP.SharedControls.LinkTextBox.ReadOnly">
            <summary>
            Gets or sets a value indicating whether text in the LinkTextBox is read-only.
            </summary>
        </member>
        <member name="M:IMP.SharedControls.LinkTextBox.WndProc(System.Windows.Forms.Message@)">
            <summary>
            This member overrides <see cref="M:System.Windows.Forms.RichTextBox.WndProc(System.Windows.Forms.Message@)"/>.
            </summary>
            <param name="m"></param>
        </member>
        <member name="M:IMP.SharedControls.LinkTextBox.OnTextChanged(System.EventArgs)">
            <summary>
            This member overrides <see cref="M:System.Windows.Forms.TextBoxBase.OnTextChanged(System.EventArgs)"/>.
            </summary>
            <param name="e"></param>
        </member>
        <member name="M:IMP.SharedControls.LinkTextBox.OnResize(System.EventArgs)">
            <summary>
            This member overrides <see cref="M:System.Windows.Forms.Control.OnResize(System.EventArgs)"/>.
            </summary>
            <param name="e"></param>
        </member>
        <member name="M:IMP.SharedControls.LinkTextBox.OnFontChanged(System.EventArgs)">
            <summary>
            This member overrides <see cref="M:System.Windows.Forms.TextBoxBase.OnFontChanged(System.EventArgs)"/>.
            </summary>
            <param name="e"></param>
        </member>
        <member name="M:IMP.SharedControls.LinkTextBox.OnBorderStyleChanged(System.EventArgs)">
            <summary>
            This member overrides <see cref="M:System.Windows.Forms.TextBoxBase.OnBorderStyleChanged(System.EventArgs)"/>.
            </summary>
            <param name="e"></param>
        </member>
        <member name="M:IMP.SharedControls.LinkTextBox.OnMouseMove(System.Windows.Forms.MouseEventArgs)">
            <summary>
            This member overrides <see cref="M:System.Windows.Forms.Control.OnMouseMove(System.Windows.Forms.MouseEventArgs)"/>.
            </summary>
            <param name="e"></param>
        </member>
        <member name="M:IMP.SharedControls.LinkTextBox.OnMouseLeave(System.EventArgs)">
            <summary>
            This member overrides <see cref="M:System.Windows.Forms.Control.OnMouseLeave(System.EventArgs)"/>.
            </summary>
            <param name="e"></param>
        </member>
        <member name="M:IMP.SharedControls.LinkTextBox.OnMouseDown(System.Windows.Forms.MouseEventArgs)">
            <summary>
            This member overrides <see cref="M:System.Windows.Forms.Control.OnMouseDown(System.Windows.Forms.MouseEventArgs)"/>.
            </summary>
            <param name="e"></param>
        </member>
        <member name="M:IMP.SharedControls.LinkTextBox.OnKeyDown(System.Windows.Forms.KeyEventArgs)">
            <summary>
            This member overrides <see cref="M:System.Windows.Forms.Control.OnKeyDown(System.Windows.Forms.KeyEventArgs)"/>.
            </summary>
            <param name="e"></param>
        </member>
        <member name="M:IMP.SharedControls.LinkTextBox.CtrlKeyIsDown">
            <summary>
            Gets a value indicating if the CTRL key is down
            </summary>
            <returns><c>true</c> if the CTRL key is down, otherwise <c>false</c></returns>
        </member>
    </members>
</doc>
