<?xml version="1.0"?>
<doc>
    <assembly>
        <name>IMP.Windows.Forms</name>
    </assembly>
    <members>
        <member name="M:IMP.Windows.Forms.DrawHelper.GetFocusPen">
            <summary>
            Get Pen for focus rectangle
            </summary>
        </member>
        <member name="M:IMP.Windows.Forms.DrawHelper.GetFocusPen(System.Drawing.Color)">
            <summary>
            Get Pen for focus rectangle
            </summary>
        </member>
        <member name="M:IMP.Windows.Forms.DrawHelper.RoundedRect(System.Drawing.Rectangle,System.Int32)">
            <summary>
            Get rounded Rectangle as graphic Path
            </summary>
        </member>
        <member name="T:IMP.Windows.Forms.StockIcons">
            <summary>
            Collection of all the standard system stock icons
            </summary>
        </member>
        <member name="M:IMP.Windows.Forms.StockIcons.GetAllStockIcons">
            <summary>
            Gets a collection of all the system stock icons
            </summary>
        </member>
        <member name="P:IMP.Windows.Forms.StockIcons.DocumentNotAssociated">
            <summary>
            Icon for a document (blank page), no associated program.
            </summary>
        </member>
        <member name="P:IMP.Windows.Forms.StockIcons.DocumentAssociated">
            <summary>
            Icon for a document with an associated program.
            </summary>
        </member>
        <member name="P:IMP.Windows.Forms.StockIcons.Application">
            <summary>
             Icon for a generic application with no custom icon.
            </summary>
        </member>
        <member name="P:IMP.Windows.Forms.StockIcons.Folder">
            <summary>
             Icon for a closed folder.
            </summary>
        </member>
        <member name="P:IMP.Windows.Forms.StockIcons.FolderOpen">
            <summary>
            Icon for an open folder. 
            </summary>
        </member>
        <member name="P:IMP.Windows.Forms.StockIcons.Drive525">
            <summary>
            Icon for a 5.25" floppy disk drive.
            </summary>
        </member>
        <member name="P:IMP.Windows.Forms.StockIcons.Drive35">
            <summary>
             Icon for a 3.5" floppy disk drive. 
            </summary>
        </member>
        <member name="P:IMP.Windows.Forms.StockIcons.DriveRemove">
            <summary>
             Icon for a removable drive.
            </summary>
        </member>
        <member name="P:IMP.Windows.Forms.StockIcons.DriveFixed">
            <summary>
             Icon for a fixed (hard disk) drive.
            </summary>
        </member>
        <member name="P:IMP.Windows.Forms.StockIcons.DriveNetwork">
            <summary>
             Icon for a network drive.
            </summary>
        </member>
        <member name="P:IMP.Windows.Forms.StockIcons.DriveNetworkDisabled">
            <summary>
             Icon for a disconnected network drive.
            </summary>
        </member>
        <member name="P:IMP.Windows.Forms.StockIcons.DriveCD">
            <summary>
             Icon for a CD drive.
            </summary>
        </member>
        <member name="P:IMP.Windows.Forms.StockIcons.DriveRam">
            <summary>
             Icon for a RAM disk drive. 
            </summary>
        </member>
        <member name="P:IMP.Windows.Forms.StockIcons.World">
            <summary>
             Icon for an entire network. 
            </summary>
        </member>
        <member name="P:IMP.Windows.Forms.StockIcons.Server">
            <summary>
             Icon for a computer on the network.
            </summary>
        </member>
        <member name="P:IMP.Windows.Forms.StockIcons.Printer">
            <summary>
             Icon for a printer. 
            </summary>
        </member>
        <member name="P:IMP.Windows.Forms.StockIcons.MyNetwork">
            <summary>
            Icon for My Network places.
            </summary>
        </member>
        <member name="P:IMP.Windows.Forms.StockIcons.Find">
            <summary>
            Icon for search (magnifying glass).
            </summary>
        </member>
        <member name="P:IMP.Windows.Forms.StockIcons.Help">
            <summary>
             Icon for help.     
            </summary>
        </member>
        <member name="P:IMP.Windows.Forms.StockIcons.Share">
            <summary>
             Icon for an overlay indicating shared items.        
            </summary>
        </member>
        <member name="P:IMP.Windows.Forms.StockIcons.Link">
            <summary>
             Icon for an overlay indicating shortcuts to items.
            </summary>
        </member>
        <member name="P:IMP.Windows.Forms.StockIcons.SlowFile">
            <summary>
            Icon for an overlay for slow items.
            </summary>
        </member>
        <member name="P:IMP.Windows.Forms.StockIcons.Recycler">
            <summary>
             Icon for a empty recycle bin.
            </summary>
        </member>
        <member name="P:IMP.Windows.Forms.StockIcons.RecyclerFull">
            <summary>
             Icon for a full recycle bin.
            </summary>
        </member>
        <member name="P:IMP.Windows.Forms.StockIcons.MediaCDAudio">
            <summary>
             Icon for audio CD media.
            </summary>
        </member>
        <member name="P:IMP.Windows.Forms.StockIcons.Lock">
            <summary>
             Icon for a security lock.
            </summary>
        </member>
        <member name="P:IMP.Windows.Forms.StockIcons.AutoList">
            <summary>
             Icon for a auto list.
            </summary>
        </member>
        <member name="P:IMP.Windows.Forms.StockIcons.PrinterNet">
            <summary>
            Icon for a network printer.
            </summary>
        </member>
        <member name="P:IMP.Windows.Forms.StockIcons.ServerShare">
            <summary>
             Icon for a server share.
            </summary>
        </member>
        <member name="P:IMP.Windows.Forms.StockIcons.PrinterFax">
            <summary>
             Icon for a Fax printer.
            </summary>
        </member>
        <member name="P:IMP.Windows.Forms.StockIcons.PrinterFaxNet">
            <summary>
            Icon for a networked Fax printer.
            </summary>
        </member>
        <member name="P:IMP.Windows.Forms.StockIcons.PrinterFile">
            <summary>
             Icon for print to file.
            </summary>
        </member>
        <member name="P:IMP.Windows.Forms.StockIcons.Stack">
            <summary>
            Icon for a stack.
            </summary>
        </member>
        <member name="P:IMP.Windows.Forms.StockIcons.MediaSvcd">
            <summary>
             Icon for a SVCD media.
            </summary>
        </member>
        <member name="P:IMP.Windows.Forms.StockIcons.StuffedFolder">
            <summary>
             Icon for a folder containing other items.
            </summary>
        </member>
        <member name="P:IMP.Windows.Forms.StockIcons.DriveUnknown">
            <summary>
             Icon for an unknown drive.
            </summary>
        </member>
        <member name="P:IMP.Windows.Forms.StockIcons.DriveDvd">
            <summary>
             Icon for a DVD drive. 
            </summary>
        </member>
        <member name="P:IMP.Windows.Forms.StockIcons.MediaDvd">
            <summary>
            Icon for DVD media.
            </summary>
        </member>
        <member name="P:IMP.Windows.Forms.StockIcons.MediaDvdRam">
            <summary>
             Icon for DVD-RAM media.   
            </summary>
        </member>
        <member name="P:IMP.Windows.Forms.StockIcons.MediaDvdRW">
            <summary>
            Icon for DVD-RW media.
            </summary>
        </member>
        <member name="P:IMP.Windows.Forms.StockIcons.MediaDvdR">
            <summary>
             Icon for DVD-R media.
            </summary>
        </member>
        <member name="P:IMP.Windows.Forms.StockIcons.MediaDvdRom">
            <summary>
             Icon for a DVD-ROM media.
            </summary>
        </member>
        <member name="P:IMP.Windows.Forms.StockIcons.MediaCDAudioPlus">
            <summary>
             Icon for CD+ (Enhanced CD) media.
            </summary>
        </member>
        <member name="P:IMP.Windows.Forms.StockIcons.MediaCDRW">
            <summary>
             Icon for CD-RW media.
            </summary>
        </member>
        <member name="P:IMP.Windows.Forms.StockIcons.MediaCDR">
            <summary>
             Icon for a CD-R media.
            </summary>
        </member>
        <member name="P:IMP.Windows.Forms.StockIcons.MediaCDBurn">
            <summary>
             Icon burning a CD.
            </summary>
        </member>
        <member name="P:IMP.Windows.Forms.StockIcons.MediaBlankCD">
            <summary>
             Icon for blank CD media.
            </summary>
        </member>
        <member name="P:IMP.Windows.Forms.StockIcons.MediaCDRom">
            <summary>
             Icon for CD-ROM media.
            </summary>
        </member>
        <member name="P:IMP.Windows.Forms.StockIcons.AudioFiles">
            <summary>
             Icon for audio files.
            </summary>
        </member>
        <member name="P:IMP.Windows.Forms.StockIcons.ImageFiles">
            <summary>
             Icon for image files.
            </summary>
        </member>
        <member name="P:IMP.Windows.Forms.StockIcons.VideoFiles">
            <summary>
             Icon for video files.
            </summary>
        </member>
        <member name="P:IMP.Windows.Forms.StockIcons.MixedFiles">
            <summary>
             Icon for mixed Files.
            </summary>
        </member>
        <member name="P:IMP.Windows.Forms.StockIcons.FolderBack">
            <summary>
            Icon for a folder back.
            </summary>
        </member>
        <member name="P:IMP.Windows.Forms.StockIcons.FolderFront">
            <summary>
             Icon for a folder front.
            </summary>
        </member>
        <member name="P:IMP.Windows.Forms.StockIcons.Shield">
            <summary>
             Icon for a security shield. Use for UAC prompts only.
            </summary>
        </member>
        <member name="P:IMP.Windows.Forms.StockIcons.Warning">
            <summary>
             Icon for a warning.
            </summary>
        </member>
        <member name="P:IMP.Windows.Forms.StockIcons.Info">
            <summary>
             Icon for an informational message.
            </summary>
        </member>
        <member name="P:IMP.Windows.Forms.StockIcons.Error">
            <summary>
             Icon for an error message.
            </summary>
        </member>
        <member name="P:IMP.Windows.Forms.StockIcons.Key">
            <summary>
             Icon for a key.
            </summary>
        </member>
        <member name="P:IMP.Windows.Forms.StockIcons.Software">
            <summary>
             Icon for software.
            </summary>
        </member>
        <member name="P:IMP.Windows.Forms.StockIcons.Rename">
            <summary>
             Icon for a rename.
            </summary>
        </member>
        <member name="P:IMP.Windows.Forms.StockIcons.Delete">
            <summary>
             Icon for delete.
            </summary>
        </member>
        <member name="P:IMP.Windows.Forms.StockIcons.MediaAudioDvd">
            <summary>
             Icon for audio DVD media.
            </summary>
        </member>
        <member name="P:IMP.Windows.Forms.StockIcons.MediaMovieDvd">
            <summary>
             Icon for movie DVD media.
            </summary>
        </member>
        <member name="P:IMP.Windows.Forms.StockIcons.MediaEnhancedCD">
            <summary>
             Icon for enhanced CD media.
            </summary>
        </member>
        <member name="P:IMP.Windows.Forms.StockIcons.MediaEnhancedDvd">
            <summary>
             Icon for enhanced DVD media.
            </summary>
        </member>
        <member name="P:IMP.Windows.Forms.StockIcons.MediaHDDvd">
            <summary>
             Icon for HD-DVD media.
            </summary>
        </member>
        <member name="P:IMP.Windows.Forms.StockIcons.MediaBluRay">
            <summary>
             Icon for BluRay media.
            </summary>
        </member>
        <member name="P:IMP.Windows.Forms.StockIcons.MediaVcd">
            <summary>
             Icon for VCD media.
            </summary>
        </member>
        <member name="P:IMP.Windows.Forms.StockIcons.MediaDvdPlusR">
            <summary>
             Icon for DVD+R media.
            </summary>
        </member>
        <member name="P:IMP.Windows.Forms.StockIcons.MediaDvdPlusRW">
            <summary>
             Icon for DVD+RW media.
            </summary>
        </member>
        <member name="P:IMP.Windows.Forms.StockIcons.DesktopPC">
            <summary>
             Icon for desktop computer.
            </summary>
        </member>
        <member name="P:IMP.Windows.Forms.StockIcons.MobilePC">
            <summary>
             Icon for mobile computer (laptop/notebook).
            </summary>
        </member>
        <member name="P:IMP.Windows.Forms.StockIcons.Users">
            <summary>
             Icon for users.
            </summary>
        </member>
        <member name="P:IMP.Windows.Forms.StockIcons.MediaSmartMedia">
            <summary>
             Icon for smart media.
            </summary>
        </member>
        <member name="P:IMP.Windows.Forms.StockIcons.MediaCompactFlash">
            <summary>
             Icon for compact flash.
            </summary>
        </member>
        <member name="P:IMP.Windows.Forms.StockIcons.DeviceCellPhone">
            <summary>
             Icon for a cell phone.
            </summary>
        </member>
        <member name="P:IMP.Windows.Forms.StockIcons.DeviceCamera">
            <summary>
             Icon for a camera.
            </summary>
        </member>
        <member name="P:IMP.Windows.Forms.StockIcons.DeviceVideoCamera">
            <summary>
             Icon for video camera.
            </summary>
        </member>
        <member name="P:IMP.Windows.Forms.StockIcons.DeviceAudioPlayer">
            <summary>
             Icon for audio player.
            </summary>
        </member>
        <member name="P:IMP.Windows.Forms.StockIcons.NetworkConnect">
            <summary>
             Icon for connecting to network.
            </summary>
        </member>
        <member name="P:IMP.Windows.Forms.StockIcons.Internet">
            <summary>
             Icon for the Internet.
            </summary>
        </member>
        <member name="P:IMP.Windows.Forms.StockIcons.ZipFile">
            <summary>
             Icon for a ZIP file.
            </summary>
        </member>
        <member name="P:IMP.Windows.Forms.StockIcons.Settings">
            <summary>
            Icon for settings.
            </summary>
        </member>
        <member name="P:IMP.Windows.Forms.StockIcons.DriveHDDVD">
            <summary>
            HDDVD Drive (all types)
            </summary>
        </member>
        <member name="P:IMP.Windows.Forms.StockIcons.DriveBluRay">
            <summary>
            Icon for BluRay Drive (all types)
            </summary>
        </member>
        <member name="P:IMP.Windows.Forms.StockIcons.MediaHDDVDROM">
            <summary>
            Icon for HDDVD-ROM Media
            </summary>
        </member>
        <member name="P:IMP.Windows.Forms.StockIcons.MediaHDDVDR">
            <summary>
            Icon for HDDVD-R Media
            </summary>
        </member>
        <member name="P:IMP.Windows.Forms.StockIcons.MediaHDDVDRAM">
            <summary>
            Icon for HDDVD-RAM Media
            </summary>
        </member>
        <member name="P:IMP.Windows.Forms.StockIcons.MediaBluRayROM">
            <summary>
            Icon for BluRay ROM Media
            </summary>
        </member>
        <member name="P:IMP.Windows.Forms.StockIcons.MediaBluRayR">
            <summary>
            Icon for BluRay R Media
            </summary>
        </member>
        <member name="P:IMP.Windows.Forms.StockIcons.MediaBluRayRE">
            <summary>
            Icon for BluRay RE Media (Rewriable and RAM)
            </summary>
        </member>
        <member name="P:IMP.Windows.Forms.StockIcons.ClusteredDisk">
            <summary>
            Icon for Clustered disk
            </summary>
        </member>
        <member name="M:IMP.Windows.Forms.StockIcons.GetStockIcon(IMP.Windows.Forms.StockIconIdentifier)">
            <summary>
            Get a new StockIcon instance with the specified identifer, default size and options
            </summary>
            <param name="identifier">A value that identifies the icon represented by this instance.</param>
            <returns>StockIcon instance with the specified identifer</returns>
        </member>
        <member name="T:IMP.Windows.Forms.StockIconSizes">
            <summary>
            Specifies options for the size of the stock icon.
            </summary>
        </member>
        <member name="F:IMP.Windows.Forms.StockIconSizes.Small">
            <summary>
            Retrieve the small version of the icon, as specified by SM_CXSMICON and SM_CYSMICON system metrics.
            </summary>
        </member>
        <member name="F:IMP.Windows.Forms.StockIconSizes.Large">
            <summary>
            Retrieve the large version of the icon, as specified by SM_CXICON and SM_CYICON system metrics.
            </summary>
        </member>
        <member name="F:IMP.Windows.Forms.StockIconSizes.ShellSize">
            <summary>
            Retrieve the shell-sized icons (instead of the size specified by the system metrics).
            </summary>
        </member>
        <member name="T:IMP.Windows.Forms.StockIconIdentifier">
            <summary>
            Provides values used to specify which standard icon to retrieve. 
            </summary>
        </member>
        <member name="F:IMP.Windows.Forms.StockIconIdentifier.DocumentNotAssociated">
            <summary>
            Icon for a document (blank page), no associated program.
            </summary>
        </member>
        <member name="F:IMP.Windows.Forms.StockIconIdentifier.DocumentAssociated">
            <summary>
            Icon for a document with an associated program.
            </summary>
        </member>
        <member name="F:IMP.Windows.Forms.StockIconIdentifier.Application">
            <summary>
             Icon for a generic application with no custom icon.
            </summary>
        </member>
        <member name="F:IMP.Windows.Forms.StockIconIdentifier.Folder">
            <summary>
             Icon for a closed folder.
            </summary>
        </member>
        <member name="F:IMP.Windows.Forms.StockIconIdentifier.FolderOpen">
            <summary>
            Icon for an open folder. 
            </summary>
        </member>
        <member name="F:IMP.Windows.Forms.StockIconIdentifier.Drive525">
            <summary>
            Icon for a 5.25" floppy disk drive.
            </summary>
        </member>
        <member name="F:IMP.Windows.Forms.StockIconIdentifier.Drive35">
            <summary>
             Icon for a 3.5" floppy disk drive. 
            </summary>
        </member>
        <member name="F:IMP.Windows.Forms.StockIconIdentifier.DriveRemove">
            <summary>
             Icon for a removable drive.
            </summary>
        </member>
        <member name="F:IMP.Windows.Forms.StockIconIdentifier.DriveFixed">
            <summary>
             Icon for a fixed (hard disk) drive.
            </summary>
        </member>
        <member name="F:IMP.Windows.Forms.StockIconIdentifier.DriveNetwork">
            <summary>
             Icon for a network drive.
            </summary>
        </member>
        <member name="F:IMP.Windows.Forms.StockIconIdentifier.DriveNetworkDisabled">
            <summary>
             Icon for a disconnected network drive.
            </summary>
        </member>
        <member name="F:IMP.Windows.Forms.StockIconIdentifier.DriveCD">
            <summary>
             Icon for a CD drive.
            </summary>
        </member>
        <member name="F:IMP.Windows.Forms.StockIconIdentifier.DriveRam">
            <summary>
             Icon for a RAM disk drive. 
            </summary>
        </member>
        <member name="F:IMP.Windows.Forms.StockIconIdentifier.World">
            <summary>
             Icon for an entire network. 
            </summary>
        </member>
        <member name="F:IMP.Windows.Forms.StockIconIdentifier.Server">
            <summary>
             Icon for a computer on the network.
            </summary>
        </member>
        <member name="F:IMP.Windows.Forms.StockIconIdentifier.Printer">
            <summary>
             Icon for a printer. 
            </summary>
        </member>
        <member name="F:IMP.Windows.Forms.StockIconIdentifier.MyNetwork">
            <summary>
            Icon for My Network places.
            </summary>
        </member>
        <member name="F:IMP.Windows.Forms.StockIconIdentifier.Find">
            <summary>
            Icon for search (magnifying glass).
            </summary>
        </member>
        <member name="F:IMP.Windows.Forms.StockIconIdentifier.Help">
            <summary>
             Icon for help.     
            </summary>
        </member>
        <member name="F:IMP.Windows.Forms.StockIconIdentifier.Share">
            <summary>
             Icon for an overlay indicating shared items.        
            </summary>
        </member>
        <member name="F:IMP.Windows.Forms.StockIconIdentifier.Link">
            <summary>
             Icon for an overlay indicating shortcuts to items.
            </summary>
        </member>
        <member name="F:IMP.Windows.Forms.StockIconIdentifier.SlowFile">
            <summary>
            Icon for an overlay for slow items.
            </summary>
        </member>
        <member name="F:IMP.Windows.Forms.StockIconIdentifier.Recycler">
            <summary>
             Icon for a empty recycle bin.
            </summary>
        </member>
        <member name="F:IMP.Windows.Forms.StockIconIdentifier.RecyclerFull">
            <summary>
             Icon for a full recycle bin.
            </summary>
        </member>
        <member name="F:IMP.Windows.Forms.StockIconIdentifier.MediaCDAudio">
            <summary>
             Icon for audio CD media.
            </summary>
        </member>
        <member name="F:IMP.Windows.Forms.StockIconIdentifier.Lock">
            <summary>
             Icon for a security lock.
            </summary>
        </member>
        <member name="F:IMP.Windows.Forms.StockIconIdentifier.AutoList">
            <summary>
             Icon for a auto list.
            </summary>
        </member>
        <member name="F:IMP.Windows.Forms.StockIconIdentifier.PrinterNet">
            <summary>
            Icon for a network printer.
            </summary>
        </member>
        <member name="F:IMP.Windows.Forms.StockIconIdentifier.ServerShare">
            <summary>
             Icon for a server share.
            </summary>
        </member>
        <member name="F:IMP.Windows.Forms.StockIconIdentifier.PrinterFax">
            <summary>
             Icon for a Fax printer.
            </summary>
        </member>
        <member name="F:IMP.Windows.Forms.StockIconIdentifier.PrinterFaxNet">
            <summary>
            Icon for a networked Fax printer.
            </summary>
        </member>
        <member name="F:IMP.Windows.Forms.StockIconIdentifier.PrinterFile">
            <summary>
             Icon for print to file.
            </summary>
        </member>
        <member name="F:IMP.Windows.Forms.StockIconIdentifier.Stack">
            <summary>
            Icon for a stack.
            </summary>
        </member>
        <member name="F:IMP.Windows.Forms.StockIconIdentifier.MediaSvcd">
            <summary>
             Icon for a SVCD media.
            </summary>
        </member>
        <member name="F:IMP.Windows.Forms.StockIconIdentifier.StuffedFolder">
            <summary>
             Icon for a folder containing other items.
            </summary>
        </member>
        <member name="F:IMP.Windows.Forms.StockIconIdentifier.DriveUnknown">
            <summary>
             Icon for an unknown drive.
            </summary>
        </member>
        <member name="F:IMP.Windows.Forms.StockIconIdentifier.DriveDvd">
            <summary>
             Icon for a DVD drive. 
            </summary>
        </member>
        <member name="F:IMP.Windows.Forms.StockIconIdentifier.MediaDvd">
            <summary>
            Icon for DVD media.
            </summary>
        </member>
        <member name="F:IMP.Windows.Forms.StockIconIdentifier.MediaDvdRam">
            <summary>
             Icon for DVD-RAM media.   
            </summary>
        </member>
        <member name="F:IMP.Windows.Forms.StockIconIdentifier.MediaDvdRW">
            <summary>
            Icon for DVD-RW media.
            </summary>
        </member>
        <member name="F:IMP.Windows.Forms.StockIconIdentifier.MediaDvdR">
            <summary>
             Icon for DVD-R media.
            </summary>
        </member>
        <member name="F:IMP.Windows.Forms.StockIconIdentifier.MediaDvdRom">
            <summary>
             Icon for a DVD-ROM media.
            </summary>
        </member>
        <member name="F:IMP.Windows.Forms.StockIconIdentifier.MediaCDAudioPlus">
            <summary>
             Icon for CD+ (Enhanced CD) media.
            </summary>
        </member>
        <member name="F:IMP.Windows.Forms.StockIconIdentifier.MediaCDRW">
            <summary>
             Icon for CD-RW media.
            </summary>
        </member>
        <member name="F:IMP.Windows.Forms.StockIconIdentifier.MediaCDR">
            <summary>
             Icon for a CD-R media.
            </summary>
        </member>
        <member name="F:IMP.Windows.Forms.StockIconIdentifier.MediaCDBurn">
            <summary>
             Icon burning a CD.
            </summary>
        </member>
        <member name="F:IMP.Windows.Forms.StockIconIdentifier.MediaBlankCD">
            <summary>
             Icon for blank CD media.
            </summary>
        </member>
        <member name="F:IMP.Windows.Forms.StockIconIdentifier.MediaCDRom">
            <summary>
             Icon for CD-ROM media.
            </summary>
        </member>
        <member name="F:IMP.Windows.Forms.StockIconIdentifier.AudioFiles">
            <summary>
             Icon for audio files.
            </summary>
        </member>
        <member name="F:IMP.Windows.Forms.StockIconIdentifier.ImageFiles">
            <summary>
             Icon for image files.
            </summary>
        </member>
        <member name="F:IMP.Windows.Forms.StockIconIdentifier.VideoFiles">
            <summary>
             Icon for video files.
            </summary>
        </member>
        <member name="F:IMP.Windows.Forms.StockIconIdentifier.MixedFiles">
            <summary>
             Icon for mixed Files.
            </summary>
        </member>
        <member name="F:IMP.Windows.Forms.StockIconIdentifier.FolderBack">
            <summary>
            Icon for a folder back.
            </summary>
        </member>
        <member name="F:IMP.Windows.Forms.StockIconIdentifier.FolderFront">
            <summary>
             Icon for a folder front.
            </summary>
        </member>
        <member name="F:IMP.Windows.Forms.StockIconIdentifier.Shield">
            <summary>
             Icon for a security shield. Use for UAC prompts only.
            </summary>
        </member>
        <member name="F:IMP.Windows.Forms.StockIconIdentifier.Warning">
            <summary>
             Icon for a warning.
            </summary>
        </member>
        <member name="F:IMP.Windows.Forms.StockIconIdentifier.Info">
            <summary>
             Icon for an informational message.
            </summary>
        </member>
        <member name="F:IMP.Windows.Forms.StockIconIdentifier.Error">
            <summary>
             Icon for an error message.
            </summary>
        </member>
        <member name="F:IMP.Windows.Forms.StockIconIdentifier.Key">
            <summary>
             Icon for a key.
            </summary>
        </member>
        <member name="F:IMP.Windows.Forms.StockIconIdentifier.Software">
            <summary>
             Icon for software.
            </summary>
        </member>
        <member name="F:IMP.Windows.Forms.StockIconIdentifier.Rename">
            <summary>
             Icon for a rename.
            </summary>
        </member>
        <member name="F:IMP.Windows.Forms.StockIconIdentifier.Delete">
            <summary>
             Icon for delete.
            </summary>
        </member>
        <member name="F:IMP.Windows.Forms.StockIconIdentifier.MediaAudioDvd">
            <summary>
             Icon for audio DVD media.
            </summary>
        </member>
        <member name="F:IMP.Windows.Forms.StockIconIdentifier.MediaMovieDvd">
            <summary>
             Icon for movie DVD media.
            </summary>
        </member>
        <member name="F:IMP.Windows.Forms.StockIconIdentifier.MediaEnhancedCD">
            <summary>
             Icon for enhanced CD media.
            </summary>
        </member>
        <member name="F:IMP.Windows.Forms.StockIconIdentifier.MediaEnhancedDvd">
            <summary>
             Icon for enhanced DVD media.
            </summary>
        </member>
        <member name="F:IMP.Windows.Forms.StockIconIdentifier.MediaHDDvd">
            <summary>
             Icon for HD-DVD media.
            </summary>
        </member>
        <member name="F:IMP.Windows.Forms.StockIconIdentifier.MediaBluRay">
            <summary>
             Icon for BluRay media.
            </summary>
        </member>
        <member name="F:IMP.Windows.Forms.StockIconIdentifier.MediaVcd">
            <summary>
             Icon for VCD media.
            </summary>
        </member>
        <member name="F:IMP.Windows.Forms.StockIconIdentifier.MediaDvdPlusR">
            <summary>
             Icon for DVD+R media.
            </summary>
        </member>
        <member name="F:IMP.Windows.Forms.StockIconIdentifier.MediaDvdPlusRW">
            <summary>
             Icon for DVD+RW media.
            </summary>
        </member>
        <member name="F:IMP.Windows.Forms.StockIconIdentifier.DesktopPC">
            <summary>
             Icon for desktop computer.
            </summary>
        </member>
        <member name="F:IMP.Windows.Forms.StockIconIdentifier.MobilePC">
            <summary>
             Icon for mobile computer (laptop/notebook).
            </summary>
        </member>
        <member name="F:IMP.Windows.Forms.StockIconIdentifier.Users">
            <summary>
             Icon for users.
            </summary>
        </member>
        <member name="F:IMP.Windows.Forms.StockIconIdentifier.MediaSmartMedia">
            <summary>
             Icon for smart media.
            </summary>
        </member>
        <member name="F:IMP.Windows.Forms.StockIconIdentifier.MediaCompactFlash">
            <summary>
             Icon for compact flash.
            </summary>
        </member>
        <member name="F:IMP.Windows.Forms.StockIconIdentifier.DeviceCellPhone">
            <summary>
             Icon for a cell phone.
            </summary>
        </member>
        <member name="F:IMP.Windows.Forms.StockIconIdentifier.DeviceCamera">
            <summary>
             Icon for a camera.
            </summary>
        </member>
        <member name="F:IMP.Windows.Forms.StockIconIdentifier.DeviceVideoCamera">
            <summary>
             Icon for video camera.
            </summary>
        </member>
        <member name="F:IMP.Windows.Forms.StockIconIdentifier.DeviceAudioPlayer">
            <summary>
             Icon for audio player.
            </summary>
        </member>
        <member name="F:IMP.Windows.Forms.StockIconIdentifier.NetworkConnect">
            <summary>
             Icon for connecting to network.
            </summary>
        </member>
        <member name="F:IMP.Windows.Forms.StockIconIdentifier.Internet">
            <summary>
             Icon for the Internet.
            </summary>
        </member>
        <member name="F:IMP.Windows.Forms.StockIconIdentifier.ZipFile">
            <summary>
             Icon for a ZIP file.
            </summary>
        </member>
        <member name="F:IMP.Windows.Forms.StockIconIdentifier.Settings">
            <summary>
            Icon for settings.
            </summary>
        </member>
        <member name="F:IMP.Windows.Forms.StockIconIdentifier.DriveHDDVD">
            <summary>
            HDDVD Drive (all types)
            </summary>
        </member>
        <member name="F:IMP.Windows.Forms.StockIconIdentifier.DriveBluRay">
            <summary>
            Icon for BluRay Drive (all types)
            </summary>
        </member>
        <member name="F:IMP.Windows.Forms.StockIconIdentifier.MediaHDDVDROM">
            <summary>
            Icon for HDDVD-ROM Media
            </summary>
        </member>
        <member name="F:IMP.Windows.Forms.StockIconIdentifier.MediaHDDVDR">
            <summary>
            Icon for HDDVD-R Media
            </summary>
        </member>
        <member name="F:IMP.Windows.Forms.StockIconIdentifier.MediaHDDVDRAM">
            <summary>
            Icon for HDDVD-RAM Media
            </summary>
        </member>
        <member name="F:IMP.Windows.Forms.StockIconIdentifier.MediaBluRayROM">
            <summary>
            Icon for BluRay ROM Media
            </summary>
        </member>
        <member name="F:IMP.Windows.Forms.StockIconIdentifier.MediaBluRayR">
            <summary>
            Icon for BluRay R Media
            </summary>
        </member>
        <member name="F:IMP.Windows.Forms.StockIconIdentifier.MediaBluRayRE">
            <summary>
            Icon for BluRay RE Media (Rewriable and RAM)
            </summary>
        </member>
        <member name="F:IMP.Windows.Forms.StockIconIdentifier.ClusteredDisk">
            <summary>
            Icon for Clustered disk
            </summary>
        </member>
        <member name="T:IMP.Windows.Forms.StockIcon">
            <summary>
            Represents a standard system icon.
            </summary>
        </member>
        <member name="T:IMP.Windows.Forms.StockIcon.NativeMethods.StockIconOptions">
            <summary>
            Specifies options for the appearance of the 
            stock icon.
            </summary>
        </member>
        <member name="F:IMP.Windows.Forms.StockIcon.NativeMethods.StockIconOptions.Large">
            <summary>
            Retrieve the small version of the icon, as specified by  
            SM_CXICON and SM_CYICON system metrics.
            </summary>
        </member>
        <member name="F:IMP.Windows.Forms.StockIcon.NativeMethods.StockIconOptions.Small">
            <summary>
            Retrieve the small version of the icon, as specified by  
            SM_CXSMICON and SM_CYSMICON system metrics.
            </summary>
        </member>
        <member name="F:IMP.Windows.Forms.StockIcon.NativeMethods.StockIconOptions.ShellSize">
            <summary>
            Retrieve the shell-sized icons (instead of the 
            size specified by the system metrics). 
            </summary>
        </member>
        <member name="F:IMP.Windows.Forms.StockIcon.NativeMethods.StockIconOptions.Handle">
            <summary>
            Specified that the hIcon member of the SHSTOCKICONINFO 
            structure receives a handle to the specified icon.
            </summary>
        </member>
        <member name="F:IMP.Windows.Forms.StockIcon.NativeMethods.StockIconOptions.SystemIndex">
            <summary>
            Specifies that the iSysImageImage member of the SHSTOCKICONINFO 
            structure receives the index of the specified 
            icon in the system imagelist.
            </summary>
        </member>
        <member name="F:IMP.Windows.Forms.StockIcon.NativeMethods.StockIconOptions.LinkOverlay">
            <summary>
            Adds the link overlay to the icon.
            </summary>
        </member>
        <member name="F:IMP.Windows.Forms.StockIcon.NativeMethods.StockIconOptions.Selected">
            <summary>
             Adds the system highlight color to the icon.
             </summary>
        </member>
        <member name="T:IMP.Windows.Forms.StockIcon.NativeMethods.HRESULT">
            <summary>
            HRESULT Wrapper
            This is intended for Library Internal use only.
            </summary>
        </member>
        <member name="F:IMP.Windows.Forms.StockIcon.NativeMethods.HRESULT.S_FALSE">
            <summary>
            S_FALSE
            </summary>
        </member>
        <member name="F:IMP.Windows.Forms.StockIcon.NativeMethods.HRESULT.S_OK">
            <summary>
            S_OK
            </summary>
        </member>
        <member name="F:IMP.Windows.Forms.StockIcon.NativeMethods.HRESULT.E_INVALIDARG">
            <summary>
            E_INVALIDARG
            </summary>
        </member>
        <member name="F:IMP.Windows.Forms.StockIcon.NativeMethods.HRESULT.E_OUTOFMEMORY">
            <summary>
            E_OUTOFMEMORY
            </summary>
        </member>
        <member name="F:IMP.Windows.Forms.StockIcon.NativeMethods.HRESULT.E_NOINTERFACE">
            <summary>
            E_NOINTERFACE
            </summary>
        </member>
        <member name="F:IMP.Windows.Forms.StockIcon.NativeMethods.HRESULT.E_FAIL">
            <summary>
            E_FAIL
            </summary>
        </member>
        <member name="F:IMP.Windows.Forms.StockIcon.NativeMethods.HRESULT.E_ELEMENTNOTFOUND">
            <summary>
            E_ELEMENTNOTFOUND
            </summary>
        </member>
        <member name="F:IMP.Windows.Forms.StockIcon.NativeMethods.HRESULT.TYPE_E_ELEMENTNOTFOUND">
            <summary>
            TYPE_E_ELEMENTNOTFOUND
            </summary>
        </member>
        <member name="F:IMP.Windows.Forms.StockIcon.NativeMethods.HRESULT.NO_OBJECT">
            <summary>
            NO_OBJECT
            </summary>
        </member>
        <member name="F:IMP.Windows.Forms.StockIcon.NativeMethods.HRESULT.ERROR_CANCELLED">
            <summary>
            Win32 Error code: ERROR_CANCELLED
            </summary>
        </member>
        <member name="F:IMP.Windows.Forms.StockIcon.NativeMethods.HRESULT.E_ERROR_CANCELLED">
            <summary>
            ERROR_CANCELLED
            </summary>
        </member>
        <member name="F:IMP.Windows.Forms.StockIcon.NativeMethods.HRESULT.RESOURCE_IN_USE">
            <summary>
            The requested resource is in use
            </summary>
        </member>
        <member name="M:IMP.Windows.Forms.StockIcon.#ctor(IMP.Windows.Forms.StockIconIdentifier,IMP.Windows.Forms.StockIconSizes,System.Boolean,System.Boolean)">
            <summary>
            Creates a new StockIcon instance with the specified identifer and options.
            </summary>
            <param name="identifier">A value that identifies the icon represented by this instance.</param>
            <param name="size">A value that indicates the size of the stock icon.</param>
            <param name="linkOverlay">A bool value that indicates whether the icon has a link overlay.</param>
            <param name="selected">A bool value that indicates whether the icon is in a selected state.</param>
        </member>
        <member name="M:IMP.Windows.Forms.StockIcon.#ctor(IMP.Windows.Forms.StockIcon,IMP.Windows.Forms.StockIconSizes)">
            <summary>
            Creates a new StockIcon instance with specified size and the identifer specified from another icon.
            </summary>
            <param name="stockIcon">Another stock icon with identifer.</param>
            <param name="size">A value that indicates the size of the stock icon.</param>
        </member>
        <member name="M:IMP.Windows.Forms.StockIcon.#ctor(IMP.Windows.Forms.StockIcon,IMP.Windows.Forms.StockIconSizes,System.Boolean,System.Boolean)">
            <summary>
            Creates a new StockIcon instance with specified options and the identifer specified from another icon.
            </summary>
            <param name="stockIcon">Another stock icon with identifer.</param>
            <param name="size">A value that indicates the size of the stock icon.</param>
            <param name="linkOverlay">A bool value that indicates whether the icon has a link overlay.</param>
            <param name="selected">A bool value that indicates whether the icon is in a selected state.</param>
        </member>
        <member name="P:IMP.Windows.Forms.StockIcon.Selected">
            <summary>
            Gets a value indicating whether the icon appears selected.
            </summary>
            <value>A <see cref="T:System.Boolean"/> value.</value>
        </member>
        <member name="P:IMP.Windows.Forms.StockIcon.LinkOverlay">
            <summary>
            Gets a value that cotrols whether to put a link overlay on the icon.
            </summary>
            <value>A <see cref="T:System.Boolean"/> value.</value>
        </member>
        <member name="P:IMP.Windows.Forms.StockIcon.Size">
            <summary>
            Gets a value that controls the size of the Stock Icon.
            </summary>
            <value>A <see cref="T:IMP.Windows.Forms.StockIconSizes"/> value.</value>
        </member>
        <member name="P:IMP.Windows.Forms.StockIcon.Identifier">
            <summary>
            Gets the Stock Icon identifier associated with this icon.
            </summary>
        </member>
        <member name="P:IMP.Windows.Forms.StockIcon.DrawingIcon">
            <summary>
            Gets the icon image in <see cref="T:System.Drawing.Icon"/> format.
            </summary>
        </member>
        <member name="P:IMP.Windows.Forms.StockIcon.DrawingBitmap">
            <summary>
            Gets the icon image in <see cref="T:System.Drawing.Bitmap"/> format.
            </summary>
        </member>
        <member name="M:IMP.Windows.Forms.StockIcon.Dispose(System.Boolean)">
            <summary>
            Release the native and managed objects
            </summary>
            <param name="disposing">Indicates that this is being called from Dispose(), rather than the finalizer.</param>
        </member>
        <member name="M:IMP.Windows.Forms.StockIcon.Dispose">
            <summary>
            Release the native objects
            </summary>
        </member>
        <member name="M:IMP.Windows.Forms.StockIcon.Finalize">
            <summary>
            Finnalizer
            </summary>
        </member>
        <member name="T:IMP.Windows.Forms.VistaTools">
            <summary>
            Vista Tools helper class
            </summary>
        </member>
        <member name="M:IMP.Windows.Forms.VistaTools.GetUacShieldImage">
            <summary>
            Vrací UAC Shield image
            </summary>
            <remarks>
            Function is supported in Windows 2000 and above
            </remarks>
        </member>
        <member name="P:IMP.Windows.Forms.VistaTools.IsUserAdmin">
            <summary>
            Vrací zda user je administrator
            </summary>
            <remarks>
            Function is supported in Windows 2000 and above
            
            In Windows Vista and later, User Account Control (UAC) determines the privileges of a user. If you are a member of the Built-in Administrators group,
            you are assigned two run-time access tokens: a standard user access token and an administrator access token.
            By default, you are in the standard user role. When you attempt to perform a task that requires administrative privileges,
            you can dynamically elevate your role by using the Consent dialog box. The code that executes the IsInRole method does
            not display the Consent dialog box. The code returns false if you are in the standard user role, even if you are in the Built-in Administrators group.
            You can elevate your privileges before you execute the code by right-clicking the application icon and indicating that you want to run as an administrator.
            </remarks>
        </member>
        <member name="P:IMP.Windows.Forms.VistaTools.DisplayUacShield">
            <summary>
            Vrací zda zobrazit na tlačítku iconu UAC Shield
            </summary>
            <remarks>
            The UAC shield icon is displayed when:
            1) Normal user, Windows XP/Windows Vista/Windows 7: Action displays "Run As" dialog, asking user to enter administrator password to continue;
            2) Administrator, Windows Vista/Windows 7: If UAC enabled then action displays dialog asking user’s permission to continue; othervise action is completed without any dialog;
            </remarks>
        </member>
        <member name="P:IMP.Windows.Forms.VistaTools.IsVistaOrLater">
            <summary>
            Vrací zda system je Vista nebo novější
            </summary>
        </member>
        <member name="P:IMP.Windows.Forms.VistaTools.IsApplicationVisualStylesEnabled">
            <summary>
            Vrací zda je v aplikaci zapnuty Visual styles
            </summary>
            <remarks>
            Application Visual styles can be enabled by calling the <c>EnableVisualStyles</c> method or
            by using an application manifest that specifies that ComCtl32.dll version 6 or later
            will be used to draw controls
            </remarks>
        </member>
        <member name="P:IMP.Windows.Forms.VistaTools.CanDrawVistaStyles">
            <summary>
            Vrací zda lze vykreslovat controly pomoci Vista / Win7 API
            </summary>
            <remarks>
            Mohou nastat tyto možnosti:
            1. Nejedná se o Win Vista nebo novější - není podporováno
            2. Win Vista nebo novější, VisualStyles aplikace vypnuto - není podporováno
            3. Win Vista nebo novější, VisualStyles aplikace zapnuto - podporováno (i při vypnutí VisualStyles v OS - IsEnabledByUser)
            </remarks>
        </member>
        <member name="T:IMP.Windows.Forms.Button">
            <summary>
            Button with Vista special fade effects support.
            Copyright © h2net 2010.
            </summary>
            <remarks>
            Supported 2 rentering modes:
            1. Windows Vista / Win7 API if Application VisualStyles are enabled
            2. Custom draw for Windows XP or lower where API is not supported and for Windows Vista / Win7 if  Application VisualStyles are disabled.
            </remarks>
        </member>
        <member name="M:IMP.Windows.Forms.Button.#ctor">
            <summary>
            ImageButton control constructor
            </summary>
        </member>
        <member name="M:IMP.Windows.Forms.Button.OnTextChanged(System.EventArgs)">
            <summary>
            This member overrides <see cref="M:System.Windows.Forms.Button.OnTextChanged(System.EventArgs)"/>.
            </summary>
        </member>
        <member name="P:IMP.Windows.Forms.Button.Image">
            <summary>
            Gets or sets the image that is displayed on this button.
            </summary>
        </member>
        <member name="P:IMP.Windows.Forms.Button.ImageTransparentColor">
            <summary>
            Gets or sets the color to treat as transparent in a button image.
            </summary>
        </member>
        <member name="P:IMP.Windows.Forms.Button.ImageIndex">
            <summary>
            Gets or sets the index to the image displayed on this button.
            </summary>
        </member>
        <member name="P:IMP.Windows.Forms.Button.ImageKey">
            <summary>
            Gets or sets the key accessor for the image displayed on this button.
            </summary>
        </member>
        <member name="P:IMP.Windows.Forms.Button.ImageList">
            <summary>
            Gets or sets the System.Windows.Forms.ImageList that contains the System.Drawing.Image displayed on this button.
            </summary>
        </member>
        <member name="P:IMP.Windows.Forms.Button.TextAlign">
            <summary>
            Gets or sets the alignment of the text on the button control.
            </summary>
        </member>
        <member name="P:IMP.Windows.Forms.Button.FlatStyle">
            <summary>
            This property is not meaningful for this control.
            </summary>
        </member>
        <member name="P:IMP.Windows.Forms.Button.FlatAppearance">
            <summary>
            This property is not meaningful for this control.
            </summary>
        </member>
        <member name="P:IMP.Windows.Forms.Button.ImageAlign">
            <summary>
            This property is not meaningful for this control.
            </summary>
        </member>
        <member name="P:IMP.Windows.Forms.Button.TextImageRelation">
            <summary>
            This property is not meaningful for this control.
            </summary>
        </member>
        <member name="P:IMP.Windows.Forms.Button.BackgroundImage">
            <summary>
            This property is not meaningful for this control.
            </summary>
        </member>
        <member name="P:IMP.Windows.Forms.Button.BackgroundImageLayout">
            <summary>
            This property is not meaningful for this control.
            </summary>
        </member>
        <member name="M:IMP.Windows.Forms.Button.OnVisibleChanged(System.EventArgs)">
            <summary>
            This member overrides <see cref="M:System.Windows.Forms.ButtonBase.OnVisibleChanged(System.EventArgs)"/>.
            </summary>
        </member>
        <member name="P:IMP.Windows.Forms.Button.CreateParams">
            <summary>
            This member overrides <see cref="P:System.Windows.Forms.Button.CreateParams"/>.
            </summary>
        </member>
        <member name="M:IMP.Windows.Forms.Button.OnPaint(System.Windows.Forms.PaintEventArgs)">
            <summary>
            This member overrides <see cref="M:System.Windows.Forms.ButtonBase.OnPaint(System.Windows.Forms.PaintEventArgs)"/>.
            </summary>
        </member>
        <member name="M:IMP.Windows.Forms.Button.OnPaintBackground(System.Windows.Forms.PaintEventArgs)">
            <summary>
            This member overrides <see cref="M:System.Windows.Forms.Control.OnPaintBackground(System.Windows.Forms.PaintEventArgs)"/>.
            </summary>
        </member>
        <member name="M:IMP.Windows.Forms.Button.OnHandleCreated(System.EventArgs)">
            <summary>
            This member overrides <see cref="M:System.Windows.Forms.Control.OnHandleCreated(System.EventArgs)"/>.
            </summary>
        </member>
        <member name="M:IMP.Windows.Forms.Button.OnSizeChanged(System.EventArgs)">
            <summary>
            This member overrides <see cref="M:System.Windows.Forms.Control.OnSizeChanged(System.EventArgs)"/>.
            </summary>
        </member>
        <member name="M:IMP.Windows.Forms.Button.OnStateChange">
            <summary>
            This member overrides <see cref="M:IMP.Windows.Forms.StateButtonBase.OnStateChange"/>.
            </summary>
        </member>
        <member name="T:IMP.Windows.Forms.CommandLink">
            <summary>
            CommandLink button control.
            Copyright © h2net 2010.
            </summary>
            <remarks>
            Supported 3 rentering modes:
            1. Windows Vista / Win7 API if Application VisualStyles are enabled
            2. Custom draw for Windows Vista / Win7 if Application VisualStyles are disabled or Windows XP and lower where OS VisualStyles are disabled.
            3. Custom draw for Windows XP with VisualStyles where API is not supported
            </remarks>
        </member>
        <member name="M:IMP.Windows.Forms.CommandLink.#ctor">
            <summary>
            CommandLink control constructor
            </summary>
        </member>
        <member name="M:IMP.Windows.Forms.CommandLink.OnTextChanged(System.EventArgs)">
            <summary>
            This member overrides <see cref="M:System.Windows.Forms.Button.OnTextChanged(System.EventArgs)"/>.
            </summary>
        </member>
        <member name="P:IMP.Windows.Forms.CommandLink.NoteText">
            <summary>
            Gets or sets the note that is displayed on this CommandLink button.
            </summary>
        </member>
        <member name="P:IMP.Windows.Forms.CommandLink.Image">
            <summary>
            Gets or sets the image that is displayed on this CommandLink button.
            </summary>
        </member>
        <member name="P:IMP.Windows.Forms.CommandLink.ImageTransparentColor">
            <summary>
            Gets or sets the color to treat as transparent in a CommandLink image.
            </summary>
        </member>
        <member name="P:IMP.Windows.Forms.CommandLink.ImageIndex">
            <summary>
            Gets or sets the index to the image displayed on this CommandLink.
            </summary>
        </member>
        <member name="P:IMP.Windows.Forms.CommandLink.ImageKey">
            <summary>
            Gets or sets the key accessor for the image displayed on this CommandLink.
            </summary>
        </member>
        <member name="P:IMP.Windows.Forms.CommandLink.ImageList">
            <summary>
            Gets or sets the System.Windows.Forms.ImageList that contains the System.Drawing.Image displayed on this button.
            </summary>
        </member>
        <member name="P:IMP.Windows.Forms.CommandLink.ShieldImage">
            <summary>
            Gets or sets whether the control should use an UAC shield icon.
            </summary>
        </member>
        <member name="P:IMP.Windows.Forms.CommandLink.FlatStyle">
            <summary>
            This property is not meaningful for this control.
            </summary>
        </member>
        <member name="P:IMP.Windows.Forms.CommandLink.FlatAppearance">
            <summary>
            This property is not meaningful for this control.
            </summary>
        </member>
        <member name="P:IMP.Windows.Forms.CommandLink.ImageAlign">
            <summary>
            This property is not meaningful for this control.
            </summary>
        </member>
        <member name="P:IMP.Windows.Forms.CommandLink.TextImageRelation">
            <summary>
            This property is not meaningful for this control.
            </summary>
        </member>
        <member name="P:IMP.Windows.Forms.CommandLink.TextAlign">
            <summary>
            This property is not meaningful for this control.
            </summary>
        </member>
        <member name="P:IMP.Windows.Forms.CommandLink.Font">
            <summary>
            This property is not meaningful for this control.
            </summary>
        </member>
        <member name="P:IMP.Windows.Forms.CommandLink.BackgroundImage">
            <summary>
            This property is not meaningful for this control.
            </summary>
        </member>
        <member name="P:IMP.Windows.Forms.CommandLink.BackgroundImageLayout">
            <summary>
            This property is not meaningful for this control.
            </summary>
        </member>
        <member name="M:IMP.Windows.Forms.CommandLink.OnVisibleChanged(System.EventArgs)">
            <summary>
            This member overrides <see cref="M:System.Windows.Forms.ButtonBase.OnVisibleChanged(System.EventArgs)"/>.
            </summary>
        </member>
        <member name="P:IMP.Windows.Forms.CommandLink.CreateParams">
            <summary>
            This member overrides <see cref="P:System.Windows.Forms.Button.CreateParams"/>.
            </summary>
        </member>
        <member name="P:IMP.Windows.Forms.CommandLink.DefaultSize">
            <summary>
            This member overrides <see cref="P:System.Windows.Forms.ButtonBase.DefaultSize"/>.
            </summary>
        </member>
        <member name="M:IMP.Windows.Forms.CommandLink.OnPaint(System.Windows.Forms.PaintEventArgs)">
            <summary>
            This member overrides <see cref="M:System.Windows.Forms.ButtonBase.OnPaint(System.Windows.Forms.PaintEventArgs)"/>.
            </summary>
        </member>
        <member name="M:IMP.Windows.Forms.CommandLink.OnPaintBackground(System.Windows.Forms.PaintEventArgs)">
            <summary>
            This member overrides <see cref="M:System.Windows.Forms.Control.OnPaintBackground(System.Windows.Forms.PaintEventArgs)"/>.
            </summary>
        </member>
        <member name="M:IMP.Windows.Forms.CommandLink.OnHandleCreated(System.EventArgs)">
            <summary>
            This member overrides <see cref="M:System.Windows.Forms.Control.OnHandleCreated(System.EventArgs)"/>.
            </summary>
        </member>
        <member name="M:IMP.Windows.Forms.CommandLink.OnSizeChanged(System.EventArgs)">
            <summary>
            This member overrides <see cref="M:System.Windows.Forms.Control.OnSizeChanged(System.EventArgs)"/>.
            </summary>
        </member>
        <member name="M:IMP.Windows.Forms.CommandLink.OnStateChange">
            <summary>
            This member overrides <see cref="M:IMP.Windows.Forms.StateButtonBase.OnStateChange"/>.
            </summary>
        </member>
        <member name="T:IMP.Windows.Forms.CueComboBox">
            <summary>
            DropDown style ComboBox with ability to display Cue banner text.
            Copyright © h2net 2010.
            </summary>
            <remarks>
            Cue text does't work on Windows XP
            </remarks>
        </member>
        <member name="M:IMP.Windows.Forms.CueComboBox.#ctor">
            <summary>
            CueComboBox control constructor
            </summary>
        </member>
        <member name="P:IMP.Windows.Forms.CueComboBox.CueText">
            <summary>
            Gets or sets the cue text that is displayed on a ComboBox control.
            </summary>
        </member>
        <member name="P:IMP.Windows.Forms.CueComboBox.FlatStyle">
            <summary>
            This property is not meaningful for this control.
            </summary>
        </member>
        <member name="P:IMP.Windows.Forms.CueComboBox.DropDownStyle">
            <summary>
            This property is not meaningful for this control.
            </summary>
        </member>
        <member name="T:IMP.Windows.Forms.CueDropDownList">
            <summary>
            DropDown list style ComboBox with ability to display Cue banner text.
            Copyright © h2net 2010.
            </summary>
            <remarks>
            Cue text does't work on Windows XP
            </remarks>
        </member>
        <member name="M:IMP.Windows.Forms.CueDropDownList.#ctor">
            <summary>
            CueDropDownList control constructor
            </summary>
        </member>
        <member name="P:IMP.Windows.Forms.CueDropDownList.CueText">
            <summary>
            Gets or sets the cue text that is displayed on a ComboBox control.
            </summary>
        </member>
        <member name="P:IMP.Windows.Forms.CueDropDownList.FlatStyle">
            <summary>
            This property is not meaningful for this control.
            </summary>
        </member>
        <member name="P:IMP.Windows.Forms.CueDropDownList.DropDownStyle">
            <summary>
            This property is not meaningful for this control.
            </summary>
        </member>
        <member name="T:IMP.Windows.Forms.CueTextBox">
            <summary>
            TextBox with ability to display Cue banner text.
            Copyright © h2net 2010.
            </summary>
            <remarks>
            Cue text work on Windows XP except ShowCueWhenFocused.
            </remarks>
        </member>
        <member name="M:IMP.Windows.Forms.CueTextBox.#ctor">
            <summary>
            CueTextBox control constructor
            </summary>
        </member>
        <member name="P:IMP.Windows.Forms.CueTextBox.CueText">
            <summary>
            Gets or sets the cue text that is displayed on the TextBox control.
            </summary>
        </member>
        <member name="P:IMP.Windows.Forms.CueTextBox.ShowCueWhenFocused">
            <summary>
            Gets or sets a value indicating whether the cue banner should be visible when the box has focus.
            </summary>
        </member>
        <member name="P:IMP.Windows.Forms.CueTextBox.Multiline">
            <summary>
            This property is not meaningful for this control.
            </summary>
        </member>
        <member name="T:IMP.Windows.Forms.HorizontalPanel">
            <summary>
            A horizontal panel for information and navigation in Windows Vista and Windows 7.
            Copyright © h2net 2010.
            </summary>
            <remarks>
            This control is meant to be used on the left hand side of a form, it creates a graphic border on the right hand side.
            </remarks>
        </member>
        <member name="M:IMP.Windows.Forms.HorizontalPanel.#ctor">
            <summary>
            HorizontalPanel control constructor
            </summary>
            <remarks>
            We are by default setting the background color to Color.Transparent.  The reason for this is that a lot of controls that will
            be used with this, namingly the Label and LinkLabel default their back color to the color of the panel and for those controls
            to display properly on this panel, their BackColor will need to be Color.Transparent (otherwise, they'll display as a black
            box). This should help to isolate the developer from having to research this.
            </remarks>
        </member>
        <member name="M:IMP.Windows.Forms.HorizontalPanel.OnPaint(System.Windows.Forms.PaintEventArgs)">
            <summary>
            The actual painting of the background of our control.
            </summary>
        </member>
        <member name="T:IMP.Windows.Forms.LabeledDivider">
            <summary>
            Provides Windows Vista and Windows 7 styled divider with an option caption.
            Copyright © h2net 2010.
            </summary>
        </member>
        <member name="M:IMP.Windows.Forms.LabeledDivider.#ctor">
            <summary>
            LabeledDivider control constructor
            </summary>
        </member>
        <member name="M:IMP.Windows.Forms.LabeledDivider.OnTextChanged(System.EventArgs)">
            <summary>
            This member overrides <see cref="M:System.Windows.Forms.Control.OnTextChanged(System.EventArgs)"/>.
            </summary>
        </member>
        <member name="P:IMP.Windows.Forms.LabeledDivider.DividerColor">
            <summary>
            The color of the divider line.
            </summary>
        </member>
        <member name="M:IMP.Windows.Forms.LabeledDivider.OnPaint(System.Windows.Forms.PaintEventArgs)">
            <summary>
            The actual painting of the background of our control.
            </summary>
            <param name="e"></param>
            <remarks>
            The colors in use here were extracted from an image of the Control Panel taken from a Windows 7 RC1 installation.
            </remarks>
        </member>
        <member name="T:IMP.Windows.Forms.LinkLabel">
            <summary>
            LinkLabel with the Windows Vista / Windows 7 rendering and behaviour and with correct Hand Cursor.
            Copyright © h2net 2010.
            </summary>
            <remarks>
            LinkLabel correction from forms LinkLabel:
            1. Replace navy blue color
            2. Adds hover effect with double buffered to remove flicker.
            3. Correctly renders the hand cursor.
            4. The LinkLabel font is oddly rendered.
            5. Image and ShieldImage support
            </remarks>
        </member>
        <member name="M:IMP.Windows.Forms.LinkLabel.#ctor">
            <summary>
            LinkLabel control constructor
            </summary>
        </member>
        <member name="M:IMP.Windows.Forms.LinkLabel.OnTextChanged(System.EventArgs)">
            <summary>
            This member overrides <see cref="M:System.Windows.Forms.Control.OnTextChanged(System.EventArgs)"/>.
            </summary>
        </member>
        <member name="P:IMP.Windows.Forms.LinkLabel.AutoSize">
            <summary>
            Gets or sets a value indicating whether the control is automatically resized to display its entire contents.
            </summary>
        </member>
        <member name="P:IMP.Windows.Forms.LinkLabel.Image">
            <summary>
            Gets or sets the image that is displayed with the link text.
            </summary>
        </member>
        <member name="P:IMP.Windows.Forms.LinkLabel.ImageTransparentColor">
            <summary>
            Gets or sets the color to treat as transparent in a button image.
            </summary>
        </member>
        <member name="P:IMP.Windows.Forms.LinkLabel.ShieldImage">
            <summary>
            Gets or sets whether the control should use an UAC shield icon.
            </summary>
        </member>
        <member name="P:IMP.Windows.Forms.LinkLabel.ImageRightPadding">
            <summary>
            Gets or sets the link image right padding
            </summary>
        </member>
        <member name="P:IMP.Windows.Forms.LinkLabel.HoverUnderline">
            <summary>
            Gets or sets underline text style in mouse hover.
            </summary>
        </member>
        <member name="P:IMP.Windows.Forms.LinkLabel.LinkColor">
            <summary>
            Gets or sets the color used when displaying a normal link.
            </summary>
        </member>
        <member name="P:IMP.Windows.Forms.LinkLabel.HoverLinkColor">
            <summary>
            Gets or sets the color used to display an hover link.
            </summary>
        </member>
        <member name="M:IMP.Windows.Forms.LinkLabel.OnSizeChanged(System.EventArgs)">
            <summary>
            This member overrides <see cref="M:System.Windows.Forms.Control.OnSizeChanged(System.EventArgs)"/>.
            </summary>
        </member>
        <member name="M:IMP.Windows.Forms.LinkLabel.OnMouseDown(System.Windows.Forms.MouseEventArgs)">
            <summary>
            This member overrides <see cref="M:System.Windows.Forms.Control.OnMouseDown(System.Windows.Forms.MouseEventArgs)"/>.
            </summary>
        </member>
        <member name="M:IMP.Windows.Forms.LinkLabel.OnMouseUp(System.Windows.Forms.MouseEventArgs)">
            <summary>
            This member overrides <see cref="M:System.Windows.Forms.Control.OnMouseUp(System.Windows.Forms.MouseEventArgs)"/>.
            </summary>
        </member>
        <member name="M:IMP.Windows.Forms.LinkLabel.OnMouseEnter(System.EventArgs)">
            <summary>
            This member overrides <see cref="M:System.Windows.Forms.Control.OnMouseEnter(System.EventArgs)"/>.
            </summary>
        </member>
        <member name="M:IMP.Windows.Forms.LinkLabel.OnMouseLeave(System.EventArgs)">
            <summary>
            This member overrides <see cref="M:System.Windows.Forms.Control.OnMouseLeave(System.EventArgs)"/>.
            </summary>
        </member>
        <member name="M:IMP.Windows.Forms.LinkLabel.OnMouseMove(System.Windows.Forms.MouseEventArgs)">
            <summary>
            This member overrides <see cref="M:System.Windows.Forms.Control.OnMouseMove(System.Windows.Forms.MouseEventArgs)"/>.
            </summary>
        </member>
        <member name="M:IMP.Windows.Forms.LinkLabel.OnGotFocus(System.EventArgs)">
            <summary>
            This member overrides <see cref="M:System.Windows.Forms.Control.OnGotFocus(System.EventArgs)"/>.
            </summary>
        </member>
        <member name="M:IMP.Windows.Forms.LinkLabel.OnLostFocus(System.EventArgs)">
            <summary>
            This member overrides <see cref="M:System.Windows.Forms.Control.OnLostFocus(System.EventArgs)"/>.
            </summary>
        </member>
        <member name="M:IMP.Windows.Forms.LinkLabel.OnKeyDown(System.Windows.Forms.KeyEventArgs)">
            <summary>
            This member overrides <see cref="M:System.Windows.Forms.Control.OnKeyDown(System.Windows.Forms.KeyEventArgs)"/>.
            </summary>
        </member>
        <member name="M:IMP.Windows.Forms.LinkLabel.OnKeyUp(System.Windows.Forms.KeyEventArgs)">
            <summary>
            This member overrides <see cref="M:System.Windows.Forms.Control.OnKeyUp(System.Windows.Forms.KeyEventArgs)"/>.
            </summary>
        </member>
        <member name="M:IMP.Windows.Forms.LinkLabel.OnPaint(System.Windows.Forms.PaintEventArgs)">
            <summary>
            This member overrides <see cref="M:System.Windows.Forms.Control.OnPaint(System.Windows.Forms.PaintEventArgs)"/>.
            </summary>
        </member>
        <member name="M:IMP.Windows.Forms.LinkLabel.OnFontChanged(System.EventArgs)">
            <summary>
            This member overrides <see cref="M:System.Windows.Forms.Control.OnFontChanged(System.EventArgs)"/>.
            </summary>
        </member>
        <member name="M:IMP.Windows.Forms.LinkLabel.WndProc(System.Windows.Forms.Message@)">
            <summary>
            This member overrides <see cref="M:System.Windows.Forms.Control.WndProc(System.Windows.Forms.Message@)"/>.
            </summary>
        </member>
        <member name="T:IMP.Windows.Forms.ListView">
            <summary>
            ListView with Explorer theming and semi-transparent selection.
            Copyright © h2net 2010.
            </summary>
        </member>
        <member name="M:IMP.Windows.Forms.ListView.#ctor">
            <summary>
            ListView control constructor
            </summary>
        </member>
        <member name="P:IMP.Windows.Forms.ListView.HideSelection">
            <summary>
            This property is not meaningful for this control.
            </summary>
        </member>
        <member name="M:IMP.Windows.Forms.ListView.OnHandleCreated(System.EventArgs)">
            <summary>
            This member overrides <see cref="M:System.Windows.Forms.ListView.OnHandleCreated(System.EventArgs)"/>.
            </summary>
        </member>
        <member name="T:IMP.Windows.Forms.ProgressBarStateStyle">
            <summary>
            Specifies the state style that a ProgressBar uses to indicate the progress in the specific state.
            </summary>
        </member>
        <member name="F:IMP.Windows.Forms.ProgressBarStateStyle.Normal">
            <summary>
            Normal state displays as Green progressbar
            </summary>
        </member>
        <member name="F:IMP.Windows.Forms.ProgressBarStateStyle.Error">
            <summary>
            Error state displays as Red progressbar
            </summary>
        </member>
        <member name="F:IMP.Windows.Forms.ProgressBarStateStyle.Paused">
            <summary>
            Paused state displays as Yellow progressbar
            </summary>
        </member>
        <member name="T:IMP.Windows.Forms.ProgressBar">
            <summary>
            ProgressBar with Windows Vista and Windows 7 state style support.
            Copyright © h2net 2010.
            </summary>
            <remarks>
            State style is not supported in Windows XP or lower
            </remarks>
        </member>
        <member name="M:IMP.Windows.Forms.ProgressBar.#ctor">
            <summary>
            ProgressBar control constructor
            </summary>
        </member>
        <member name="P:IMP.Windows.Forms.ProgressBar.StateStyle">
            <summary>
            Gets or sets the state in which progress should be indicated on the progress bar.
            </summary>
        </member>
        <member name="P:IMP.Windows.Forms.ProgressBar.CreateParams">
            <summary>
            This member overrides <see cref="P:System.Windows.Forms.ProgressBar.CreateParams"/>.
            </summary>
        </member>
        <member name="M:IMP.Windows.Forms.ProgressBar.WndProc(System.Windows.Forms.Message@)">
            <summary>
            This member overrides <see cref="M:System.Windows.Forms.Control.WndProc(System.Windows.Forms.Message@)"/>.
            </summary>
        </member>
        <member name="T:IMP.Windows.Forms.ShieldButton">
            <summary>
            Button with UAC Shield icon displayed and with Vista special fade effects support.
            Copyright © h2net 2010.
            </summary>
            <remarks>
            Supported 2 rentering modes:
            1. Windows Vista / Win7 API if Application VisualStyles are enabled
            2. Custom draw for Windows XP or lower where API is not supported and for Windows Vista / Win7 if  Application VisualStyles are disabled.
            </remarks>
        </member>
        <member name="M:IMP.Windows.Forms.ShieldButton.#ctor">
            <summary>
            ShieldButton control constructor
            </summary>
        </member>
        <member name="M:IMP.Windows.Forms.ShieldButton.OnTextChanged(System.EventArgs)">
            <summary>
            This member overrides <see cref="M:System.Windows.Forms.Button.OnTextChanged(System.EventArgs)"/>.
            </summary>
        </member>
        <member name="P:IMP.Windows.Forms.ShieldButton.TextAlign">
            <summary>
            Gets or sets the alignment of the text on the button control.
            </summary>
        </member>
        <member name="P:IMP.Windows.Forms.ShieldButton.FlatStyle">
            <summary>
            This property is not meaningful for this control.
            </summary>
        </member>
        <member name="P:IMP.Windows.Forms.ShieldButton.FlatAppearance">
            <summary>
            This property is not meaningful for this control.
            </summary>
        </member>
        <member name="P:IMP.Windows.Forms.ShieldButton.ImageAlign">
            <summary>
            This property is not meaningful for this control.
            </summary>
        </member>
        <member name="P:IMP.Windows.Forms.ShieldButton.TextImageRelation">
            <summary>
            This property is not meaningful for this control.
            </summary>
        </member>
        <member name="P:IMP.Windows.Forms.ShieldButton.Image">
            <summary>
            This property is not meaningful for this control.
            </summary>
        </member>
        <member name="P:IMP.Windows.Forms.ShieldButton.ImageIndex">
            <summary>
            This property is not meaningful for this control.
            </summary>
        </member>
        <member name="P:IMP.Windows.Forms.ShieldButton.ImageKey">
            <summary>
            This property is not meaningful for this control.
            </summary>
        </member>
        <member name="P:IMP.Windows.Forms.ShieldButton.ImageList">
            <summary>
            This property is not meaningful for this control.
            </summary>
        </member>
        <member name="P:IMP.Windows.Forms.ShieldButton.BackgroundImage">
            <summary>
            This property is not meaningful for this control.
            </summary>
        </member>
        <member name="P:IMP.Windows.Forms.ShieldButton.BackgroundImageLayout">
            <summary>
            This property is not meaningful for this control.
            </summary>
        </member>
        <member name="M:IMP.Windows.Forms.ShieldButton.OnVisibleChanged(System.EventArgs)">
            <summary>
            This member overrides <see cref="M:System.Windows.Forms.ButtonBase.OnVisibleChanged(System.EventArgs)"/>.
            </summary>
        </member>
        <member name="P:IMP.Windows.Forms.ShieldButton.CreateParams">
            <summary>
            This member overrides <see cref="P:System.Windows.Forms.Button.CreateParams"/>.
            </summary>
        </member>
        <member name="M:IMP.Windows.Forms.ShieldButton.OnPaint(System.Windows.Forms.PaintEventArgs)">
            <summary>
            This member overrides <see cref="M:System.Windows.Forms.ButtonBase.OnPaint(System.Windows.Forms.PaintEventArgs)"/>.
            </summary>
        </member>
        <member name="M:IMP.Windows.Forms.ShieldButton.OnPaintBackground(System.Windows.Forms.PaintEventArgs)">
            <summary>
            This member overrides <see cref="M:System.Windows.Forms.Control.OnPaintBackground(System.Windows.Forms.PaintEventArgs)"/>.
            </summary>
        </member>
        <member name="M:IMP.Windows.Forms.ShieldButton.OnHandleCreated(System.EventArgs)">
            <summary>
            This member overrides <see cref="M:System.Windows.Forms.Control.OnHandleCreated(System.EventArgs)"/>.
            </summary>
        </member>
        <member name="M:IMP.Windows.Forms.ShieldButton.OnSizeChanged(System.EventArgs)">
            <summary>
            This member overrides <see cref="M:System.Windows.Forms.Control.OnSizeChanged(System.EventArgs)"/>.
            </summary>
        </member>
        <member name="M:IMP.Windows.Forms.ShieldButton.OnStateChange">
            <summary>
            This member overrides <see cref="M:IMP.Windows.Forms.StateButtonBase.OnStateChange"/>.
            </summary>
        </member>
        <member name="T:IMP.Windows.Forms.SplitButton">
            <summary>
            SplitButton control.
            Copyright © h2net 2010.
            </summary>
            <remarks>
            Supported 3 rentering modes:
            1. Windows Vista / Win7 API if Application VisualStyles are enabled
            2. Custom draw for Windows XP or lower where API is not supported and for Windows Vista / Win7 if  Application VisualStyles are disabled.
            </remarks>
        </member>
        <member name="M:IMP.Windows.Forms.SplitButton.#ctor">
            <summary>
            SplitButton control constructor
            </summary>
        </member>
        <member name="M:IMP.Windows.Forms.SplitButton.OnTextChanged(System.EventArgs)">
            <summary>
            This member overrides <see cref="M:System.Windows.Forms.Button.OnTextChanged(System.EventArgs)"/>.
            </summary>
        </member>
        <member name="P:IMP.Windows.Forms.SplitButton.DropDownMenu">
            <summary>
            SplitButton menu
            </summary>
        </member>
        <member name="P:IMP.Windows.Forms.SplitButton.DropDownMenuStrip">
            <summary>
            SplitButton menu strip
            </summary>
        </member>
        <member name="P:IMP.Windows.Forms.SplitButton.Image">
            <summary>
            Gets or sets the image that is displayed on this CommandLink button.
            </summary>
        </member>
        <member name="P:IMP.Windows.Forms.SplitButton.ImageTransparentColor">
            <summary>
            Gets or sets the color to treat as transparent in a CommandLink image.
            </summary>
        </member>
        <member name="P:IMP.Windows.Forms.SplitButton.ImageIndex">
            <summary>
            Gets or sets the index to the image displayed on this CommandLink.
            </summary>
        </member>
        <member name="P:IMP.Windows.Forms.SplitButton.ImageKey">
            <summary>
            Gets or sets the key accessor for the image displayed on this CommandLink.
            </summary>
        </member>
        <member name="P:IMP.Windows.Forms.SplitButton.ImageList">
            <summary>
            Gets or sets the System.Windows.Forms.ImageList that contains the System.Drawing.Image displayed on this button.
            </summary>
        </member>
        <member name="P:IMP.Windows.Forms.SplitButton.TextAlign">
            <summary>
            Gets or sets the alignment of the text on the button control.
            </summary>
        </member>
        <member name="P:IMP.Windows.Forms.SplitButton.ShieldImage">
            <summary>
            Gets or sets whether the control should use an UAC shield icon.
            </summary>
        </member>
        <member name="P:IMP.Windows.Forms.SplitButton.FlatStyle">
            <summary>
            This property is not meaningful for this control.
            </summary>
        </member>
        <member name="P:IMP.Windows.Forms.SplitButton.FlatAppearance">
            <summary>
            This property is not meaningful for this control.
            </summary>
        </member>
        <member name="P:IMP.Windows.Forms.SplitButton.ImageAlign">
            <summary>
            This property is not meaningful for this control.
            </summary>
        </member>
        <member name="P:IMP.Windows.Forms.SplitButton.TextImageRelation">
            <summary>
            This property is not meaningful for this control.
            </summary>
        </member>
        <member name="P:IMP.Windows.Forms.SplitButton.BackgroundImage">
            <summary>
            This property is not meaningful for this control.
            </summary>
        </member>
        <member name="P:IMP.Windows.Forms.SplitButton.BackgroundImageLayout">
            <summary>
            This property is not meaningful for this control.
            </summary>
        </member>
        <member name="M:IMP.Windows.Forms.SplitButton.OnShowDropDown">
            <summary>
            Occurs when split button DropDown menu is opened
            </summary>
        </member>
        <member name="M:IMP.Windows.Forms.SplitButton.OnCloseDropDown">
            <summary>
            Occurs when split button DropDown menu is closed
            </summary>
        </member>
        <member name="M:IMP.Windows.Forms.SplitButton.OnVisibleChanged(System.EventArgs)">
            <summary>
            This member overrides <see cref="M:System.Windows.Forms.ButtonBase.OnVisibleChanged(System.EventArgs)"/>.
            </summary>
        </member>
        <member name="P:IMP.Windows.Forms.SplitButton.CreateParams">
            <summary>
            This member overrides <see cref="P:System.Windows.Forms.Button.CreateParams"/>.
            </summary>
        </member>
        <member name="M:IMP.Windows.Forms.SplitButton.WndProc(System.Windows.Forms.Message@)">
            <summary>
            This member overrides <see cref="M:System.Windows.Forms.Button.WndProc(System.Windows.Forms.Message@)"/>.
            </summary>
        </member>
        <member name="M:IMP.Windows.Forms.SplitButton.IsInputKey(System.Windows.Forms.Keys)">
            <summary>
            This member overrides <see cref="M:System.Windows.Forms.Control.IsInputKey(System.Windows.Forms.Keys)"/>.
            </summary>
        </member>
        <member name="M:IMP.Windows.Forms.SplitButton.OnKeyDown(System.Windows.Forms.KeyEventArgs)">
            <summary>
            This member overrides <see cref="M:IMP.Windows.Forms.StateButtonBase.OnKeyDown(System.Windows.Forms.KeyEventArgs)"/>.
            </summary>
        </member>
        <member name="M:IMP.Windows.Forms.SplitButton.OnMouseDown(System.Windows.Forms.MouseEventArgs)">
            <summary>
            This member overrides <see cref="M:IMP.Windows.Forms.StateButtonBase.OnMouseDown(System.Windows.Forms.MouseEventArgs)"/>.
            </summary>
        </member>
        <member name="M:IMP.Windows.Forms.SplitButton.OnPaint(System.Windows.Forms.PaintEventArgs)">
            <summary>
            This member overrides <see cref="M:System.Windows.Forms.ButtonBase.OnPaint(System.Windows.Forms.PaintEventArgs)"/>.
            </summary>
        </member>
        <member name="M:IMP.Windows.Forms.SplitButton.OnPaintBackground(System.Windows.Forms.PaintEventArgs)">
            <summary>
            This member overrides <see cref="M:System.Windows.Forms.Control.OnPaintBackground(System.Windows.Forms.PaintEventArgs)"/>.
            </summary>
        </member>
        <member name="M:IMP.Windows.Forms.SplitButton.OnHandleCreated(System.EventArgs)">
            <summary>
            This member overrides <see cref="M:System.Windows.Forms.Control.OnHandleCreated(System.EventArgs)"/>.
            </summary>
        </member>
        <member name="M:IMP.Windows.Forms.SplitButton.OnSizeChanged(System.EventArgs)">
            <summary>
            This member overrides <see cref="M:System.Windows.Forms.Control.OnSizeChanged(System.EventArgs)"/>.
            </summary>
        </member>
        <member name="M:IMP.Windows.Forms.SplitButton.OnStateChange">
            <summary>
            This member overrides <see cref="M:IMP.Windows.Forms.StateButtonBase.OnStateChange"/>.
            </summary>
        </member>
        <member name="T:IMP.Windows.Forms.StateButtonBase">
            <summary>
            Button base class with State if vista styles is not supported.
            </summary>
        </member>
        <member name="T:IMP.Windows.Forms.StateButtonBase.ButtonState">
            <summary>
            Specifies button states
            </summary>
        </member>
        <member name="F:IMP.Windows.Forms.StateButtonBase.ButtonState.Normal">
            <summary>
            The button has the normal appearance.
            </summary>
        </member>
        <member name="F:IMP.Windows.Forms.StateButtonBase.ButtonState.Hover">
            <summary>
            The button is hovered with mouse.
            </summary>
        </member>
        <member name="F:IMP.Windows.Forms.StateButtonBase.ButtonState.Pressed">
            <summary>
            The button is pressed.
            </summary>
        </member>
        <member name="F:IMP.Windows.Forms.StateButtonBase.ButtonState.Disabled">
            <summary>
            The button is disabled.
            </summary>
        </member>
        <member name="M:IMP.Windows.Forms.StateButtonBase.OnStateChange">
            <summary>
            Occurs when button state is changed
            </summary>
        </member>
        <member name="P:IMP.Windows.Forms.StateButtonBase.State">
            <summary>
            Button state
            </summary>
        </member>
        <member name="M:IMP.Windows.Forms.StateButtonBase.OnEnabledChanged(System.EventArgs)">
            <summary>
            This member overrides <see cref="M:System.Windows.Forms.ButtonBase.OnEnabledChanged(System.EventArgs)"/>.
            </summary>
        </member>
        <member name="M:IMP.Windows.Forms.StateButtonBase.OnGotFocus(System.EventArgs)">
            <summary>
            This member overrides <see cref="M:System.Windows.Forms.ButtonBase.OnGotFocus(System.EventArgs)"/>.
            </summary>
        </member>
        <member name="M:IMP.Windows.Forms.StateButtonBase.OnLostFocus(System.EventArgs)">
            <summary>
            This member overrides <see cref="M:System.Windows.Forms.ButtonBase.OnLostFocus(System.EventArgs)"/>.
            </summary>
        </member>
        <member name="M:IMP.Windows.Forms.StateButtonBase.OnKeyDown(System.Windows.Forms.KeyEventArgs)">
            <summary>
            This member overrides <see cref="M:System.Windows.Forms.ButtonBase.OnKeyDown(System.Windows.Forms.KeyEventArgs)"/>.
            </summary>
        </member>
        <member name="M:IMP.Windows.Forms.StateButtonBase.OnKeyUp(System.Windows.Forms.KeyEventArgs)">
            <summary>
            This member overrides <see cref="M:System.Windows.Forms.ButtonBase.OnKeyUp(System.Windows.Forms.KeyEventArgs)"/>.
            </summary>
        </member>
        <member name="M:IMP.Windows.Forms.StateButtonBase.OnMouseEnter(System.EventArgs)">
            <summary>
            This member overrides <see cref="M:System.Windows.Forms.Button.OnMouseEnter(System.EventArgs)"/>.
            </summary>
        </member>
        <member name="M:IMP.Windows.Forms.StateButtonBase.OnMouseMove(System.Windows.Forms.MouseEventArgs)">
            <summary>
            This member overrides <see cref="M:System.Windows.Forms.ButtonBase.OnMouseMove(System.Windows.Forms.MouseEventArgs)"/>.
            </summary>
        </member>
        <member name="M:IMP.Windows.Forms.StateButtonBase.OnMouseLeave(System.EventArgs)">
            <summary>
            This member overrides <see cref="M:System.Windows.Forms.Button.OnMouseLeave(System.EventArgs)"/>.
            </summary>
        </member>
        <member name="M:IMP.Windows.Forms.StateButtonBase.OnMouseDown(System.Windows.Forms.MouseEventArgs)">
            <summary>
            This member overrides <see cref="M:System.Windows.Forms.ButtonBase.OnMouseDown(System.Windows.Forms.MouseEventArgs)"/>.
            </summary>
        </member>
        <member name="M:IMP.Windows.Forms.StateButtonBase.OnMouseUp(System.Windows.Forms.MouseEventArgs)">
            <summary>
            This member overrides <see cref="M:System.Windows.Forms.Button.OnMouseUp(System.Windows.Forms.MouseEventArgs)"/>.
            </summary>
        </member>
        <member name="T:IMP.Windows.Forms.TaskPanel">
            <summary>
            Panel for Windows Vista and Windows 7 tasks. Recommended for use with CommandLink buttons.
            Copyright © h2net 2010.
            </summary>
            <remarks>
            Panel display White color if VisualStyles are enabled; otherwise, default Contol color.
            </remarks>
        </member>
        <member name="M:IMP.Windows.Forms.TaskPanel.#ctor">
            <summary>
            TaskPanel control constructor
            </summary>
        </member>
        <member name="M:IMP.Windows.Forms.TaskPanel.OnPaintBackground(System.Windows.Forms.PaintEventArgs)">
            <summary>
            This member overrides <see cref="M:System.Windows.Forms.ScrollableControl.OnPaintBackground(System.Windows.Forms.PaintEventArgs)"/>.
            </summary>
            <param name="e"></param>
        </member>
        <member name="T:IMP.Windows.Forms.TreeView">
            <summary>
            TreeView with Explorer theming and autoscroll.
            Copyright © h2net 2010.
            </summary>
        </member>
        <member name="M:IMP.Windows.Forms.TreeView.#ctor">
            <summary>
            TreeView control constructor
            </summary>
        </member>
        <member name="P:IMP.Windows.Forms.TreeView.HideExpando">
            <summary>
            Gets or sets a value indicating whether set fade in/out effect to expando buttons (+/- signs).
            Fade effect hides expando buttons when TreeView has no focus and mouse is not hovering over the control.
            </summary>
        </member>
        <member name="P:IMP.Windows.Forms.TreeView.HotTracking">
            <summary>
            This property is not meaningful for this control.
            </summary>
        </member>
        <member name="P:IMP.Windows.Forms.TreeView.ShowLines">
            <summary>
            This property is not meaningful for this control.
            </summary>
        </member>
        <member name="P:IMP.Windows.Forms.TreeView.HideSelection">
            <summary>
            This property is not meaningful for this control.
            </summary>
        </member>
        <member name="P:IMP.Windows.Forms.TreeView.CreateParams">
            <summary>
            This member overrides <see cref="P:System.Windows.Forms.TreeView.CreateParams"/>.
            </summary>
        </member>
        <member name="M:IMP.Windows.Forms.TreeView.OnHandleCreated(System.EventArgs)">
            <summary>
            This member overrides <see cref="M:System.Windows.Forms.TreeView.OnHandleCreated(System.EventArgs)"/>.
            </summary>
        </member>
        <member name="T:IMP.Windows.Forms.VerticalPanel">
            <summary>
            A vertical panel for information and navigation in Windows Vista and Windows 7.
            Copyright © h2net 2010.
            </summary>
            <remarks>
            This control is meant to be used on the left hand side of a form, it creates a graphic border on the right hand side.
            </remarks>
        </member>
        <member name="M:IMP.Windows.Forms.VerticalPanel.#ctor">
            <summary>
            VerticalPanel control constructor
            </summary>
            <remarks>
            We are by default setting the background color to Color.Transparent.  The reason for this is that a lot of controls that will
            be used with this, namingly the Label and LinkLabel default their back color to the color of the panel and for those controls
            to display properly on this panel, their BackColor will need to be Color.Transparent (otherwise, they'll display as a black
            box). This should help to isolate the developer from having to research this.
            </remarks>
        </member>
        <member name="M:IMP.Windows.Forms.VerticalPanel.OnPaint(System.Windows.Forms.PaintEventArgs)">
            <summary>
            The actual painting of the background of our control.
            </summary>
            <param name="e"></param>
            <remarks>
            The colors in use here were extracted from an image of the Control Panel taken from a Windows 7 RC1 installation.
            </remarks>
        </member>
        <member name="T:IMP.Windows.Forms.Design.ButtonDesigner">
            <summary>
            ImageButtonDesigner for ImageButton control
            </summary>
        </member>
        <member name="T:IMP.Windows.Forms.Design.CommandLinkDesigner">
            <summary>
            CommandLinkDesigner for CommandLink control
            </summary>
        </member>
        <member name="T:IMP.Windows.Forms.Design.LinkLabelDesigner">
            <summary>
            LinkLabelDesigner for LinkLabel control
            </summary>
        </member>
        <member name="T:IMP.Windows.Forms.Design.ShieldButtonDesigner">
            <summary>
            ShieldButtonDesigner for ShieldButton control
            </summary>
        </member>
        <member name="T:IMP.Windows.Forms.Design.SplitButtonDesigner">
            <summary>
            SplitButtonDesigner for SplitButton control
            </summary>
        </member>
    </members>
</doc>
