<?xml version="1.0"?>
<doc>
    <assembly>
        <name>MultipleDropDownSelectorControl</name>
    </assembly>
    <members>
        <member name="T:IMP.WinVersionInfo.OSWindowsID">
            <summary>
            Identifies platform of windows operating system
            </summary>
        </member>
        <member name="F:IMP.WinVersionInfo.OSWindowsID.Unknown">
            <summary>
            Unknown OS
            </summary>
        </member>
        <member name="F:IMP.WinVersionInfo.OSWindowsID.Windows95">
            <summary>
            Windows 95
            </summary>
        </member>
        <member name="F:IMP.WinVersionInfo.OSWindowsID.Windows98">
            <summary>
            Windows 98
            </summary>
        </member>
        <member name="F:IMP.WinVersionInfo.OSWindowsID.WindowsMe">
            <summary>
            Windows Millennium Edition
            </summary>
        </member>
        <member name="F:IMP.WinVersionInfo.OSWindowsID.WindowsNT40">
            <summary>
            Windows NT 4.0
            </summary>
        </member>
        <member name="F:IMP.WinVersionInfo.OSWindowsID.Windows2K">
            <summary>
            Windows 2000
            </summary>
        </member>
        <member name="F:IMP.WinVersionInfo.OSWindowsID.WindowsXP">
            <summary>
            Windows XP
            </summary>
        </member>
        <member name="F:IMP.WinVersionInfo.OSWindowsID.Windows2K3">
            <summary>
            Windows Server 2003
            </summary>
        </member>
        <member name="F:IMP.WinVersionInfo.OSWindowsID.WindowsVista">
            <summary>
            Windows Vista
            </summary>
        </member>
        <member name="F:IMP.WinVersionInfo.OSWindowsID.Windows2K8">
            <summary>
            Windows Server 2008
            </summary>
        </member>
        <member name="F:IMP.WinVersionInfo.OSWindowsID.Windows7">
            <summary>
            Windows 7, Windows Server 2008 R2
            </summary>
        </member>
        <member name="F:IMP.WinVersionInfo.OSWindowsID.Windows8">
            <summary>
            Windows 8, Windows Server 2012
            </summary>
        </member>
        <member name="T:IMP.WinVersionInfo.ProductTypeID">
            <summary>
            Identifies the product type of operating system.
            </summary>
        </member>
        <member name="F:IMP.WinVersionInfo.ProductTypeID.Workstation">
            <summary>
            Workstation (Client) operating system
            </summary>
        </member>
        <member name="F:IMP.WinVersionInfo.ProductTypeID.Server">
            <summary>
            Server operating system
            </summary>
        </member>
        <member name="T:IMP.WinVersionInfo.OSWindowsEdition">
            <summary>
            Identifies operating system edition
            </summary>
        </member>
        <member name="F:IMP.WinVersionInfo.OSWindowsEdition.StandardOrProfessionalOrBusiness">
            <summary>
            Standard server operating system or Professional / Business workstation operating system edition
            or operating system has no editions
            </summary>
        </member>
        <member name="F:IMP.WinVersionInfo.OSWindowsEdition.Home">
            <summary>
            Home or Personal operating system edition
            </summary>
        </member>
        <member name="F:IMP.WinVersionInfo.OSWindowsEdition.Enterprise">
            <summary>
            Enterprise or Advanced server operating system edition
            </summary>
        </member>
        <member name="F:IMP.WinVersionInfo.OSWindowsEdition.Datacenter">
            <summary>
            Datacenter server operating system edition
            </summary>
        </member>
        <member name="F:IMP.WinVersionInfo.OSWindowsEdition.Web">
            <summary>
            Web server operating system edition 
            </summary>
        </member>
        <member name="F:IMP.WinVersionInfo.OSWindowsEdition.Ultimate">
            <summary>
            Ultimate edition of workstation operating system
            </summary>
        </member>
        <member name="T:IMP.WinVersionInfo.OSWindowsArchitecture">
            <summary>
            Identifies operating system architecture version.
            </summary>
        </member>
        <member name="F:IMP.WinVersionInfo.OSWindowsArchitecture.x86">
            <summary>
            32Bit version of operating system.
            </summary>
        </member>
        <member name="F:IMP.WinVersionInfo.OSWindowsArchitecture.x64">
            <summary>
            64Bit version of operating system.
            </summary>
        </member>
        <member name="T:IMP.WinVersionInfo.OSWindowsSpecialEdition">
            <summary>
            Identifies operating system special edition info like Media Center Edition or Windows Server R2 version.
            </summary>
        </member>
        <member name="F:IMP.WinVersionInfo.OSWindowsSpecialEdition.None">
            <summary>
            None
            </summary>
        </member>
        <member name="F:IMP.WinVersionInfo.OSWindowsSpecialEdition.TabletPC">
            <summary>
            Operating system is the Windows XP Tablet PC edition
            </summary>
        </member>
        <member name="F:IMP.WinVersionInfo.OSWindowsSpecialEdition.MediaCenter">
            <summary>
            Operating system is the Windows XP, Media Center Edition
            </summary>
        </member>
        <member name="F:IMP.WinVersionInfo.OSWindowsSpecialEdition.R2">
            <summary>
            Operating system is Windows Server 2003 R2 version
            </summary>
        </member>
        <member name="F:IMP.WinVersionInfo.OSWindowsSpecialEdition.Starter">
            <summary>
             Operating system is the Windows XP Starter Edition or Windows Vista Starter Edition
            </summary>
        </member>
        <member name="T:IMP.WinVersionInfo.ProcessorArchitectureID">
            <summary>
            Identifies system's processor architecture.
            </summary>
        </member>
        <member name="F:IMP.WinVersionInfo.ProcessorArchitectureID.Unknown">
            <summary>
            Unknown processor
            </summary>
        </member>
        <member name="F:IMP.WinVersionInfo.ProcessorArchitectureID.Intel">
            <summary>
            x86 (32-bit) processor (Intel 386, 486, Pentium/Celeron Family, AMD K6/Athlon/Duron Family)
            </summary>
        </member>
        <member name="F:IMP.WinVersionInfo.ProcessorArchitectureID.MIPS">
            <summary>
            MIPS processor (for Windows NT 3.51)
            </summary>
        </member>
        <member name="F:IMP.WinVersionInfo.ProcessorArchitectureID.Alpha">
            <summary>
            Alpha processor (for Windows NT 4.0 and earlier)
            </summary>
        </member>
        <member name="F:IMP.WinVersionInfo.ProcessorArchitectureID.PPC">
            <summary>
            PPC processor (for Windows NT 4.0 and earlier)
            </summary>
        </member>
        <member name="F:IMP.WinVersionInfo.ProcessorArchitectureID.SHX">
            <summary>
            SHX
            </summary>
        </member>
        <member name="F:IMP.WinVersionInfo.ProcessorArchitectureID.ARM">
            <summary>
            ARM
            </summary>
        </member>
        <member name="F:IMP.WinVersionInfo.ProcessorArchitectureID.IA64">
            <summary>
            64-bit Intel Itanium processor Family (IPF)
            </summary>
        </member>
        <member name="F:IMP.WinVersionInfo.ProcessorArchitectureID.Alpha64">
            <summary>
            Alpha 64-bit processor
            </summary>
        </member>
        <member name="F:IMP.WinVersionInfo.ProcessorArchitectureID.MSIL">
            <summary>
            MSIL
            </summary>
        </member>
        <member name="F:IMP.WinVersionInfo.ProcessorArchitectureID.AMD64">
            <summary>
            x64 (64-bit) processor (AMD Opteron, AMD Athlon64, Intel Xeon with Intel EM64T support, Intel Pentium 4 with Intel EM64T support)
            </summary>
        </member>
        <member name="F:IMP.WinVersionInfo.ProcessorArchitectureID.IA32OnWIN64">
            <summary>
            IA32 on 64-bit
            </summary>
        </member>
        <member name="T:IMP.WinVersionInfo.ProcessorFeature">
            <summary>
            Processor feature flags
            </summary>
        </member>
        <member name="F:IMP.WinVersionInfo.ProcessorFeature.None">
            <summary>
            None
            </summary>
        </member>
        <member name="F:IMP.WinVersionInfo.ProcessorFeature.MMX">
            <summary>
            The MMX instruction set is available.
            </summary>
        </member>
        <member name="F:IMP.WinVersionInfo.ProcessorFeature.AMD3DNow">
            <summary>
            The 3D-Now instruction set is available.
            </summary>
        </member>
        <member name="F:IMP.WinVersionInfo.ProcessorFeature.SSE">
            <summary>
            The SSE instruction set is available.
            </summary>
        </member>
        <member name="F:IMP.WinVersionInfo.ProcessorFeature.SSE2">
            <summary>
            The SSE2 instruction set is available.
            </summary>
        </member>
        <member name="F:IMP.WinVersionInfo.ProcessorFeature.SSE3">
            <summary>
            The SSE3 instruction set is available.
            </summary>
        </member>
        <member name="T:IMP.WinVersionInfo.WinVersionInfo">
            <summary>
            Třída načítající informace o platformě, edici, verzi operačního systému nainstalovaném na počítači,
            procesoru počítače a vrací textovou informaci s popisem operačního systému.
            
            Class gets information about platform, edition, version of operating system that are currently installed,
            system's processor and gets concatenated string with description of operating system.
            </summary>
            <remarks>
            Version Information:
            .NET Framework 2.0
            </remarks>
            <histories>
            <history date="13.07.2006" author="Jan Holan">Vytvoření nové verze třídy</history>
            <history date="17.11.2006" author="Jan Holan">Rozšíření pro Windows Vista</history>
            <history date="22.05.2007" author="Jan Holan">Rozšíření pro Windows Server 2008</history>
            <history date="12.01.2009" author="Jan Holan">Rozšíření pro Windows 7, Změna vlastnosti FrameworkVersion, Rozšíření enumu OSWindowsEdition</history>
            <history date="17.05.2009" author="Jan Holan">Rozšíření pro Windows Server 2008 R2</history>
            <history date="05.02.2010" author="Jan Holan">Přidání metody GetOSWindowsVersion</history>
            <history date="16.09.2011" author="Jan Holan">Rozšíření pro Windows Small Business Server 2011, Windows 8</history>
            </histories>
        </member>
        <member name="T:IMP.WinVersionInfo.WinVersionInfo.OSVERSIONINFOEX">
            <summary>
            Struktura OSVERSIONINFO obsahuje informace o operačním systému. 
            Informace určují číslo verze (major a minor), a číslo sestavení (build), 
            identifikátor platformy, popisný text o operačním systému, informaci
            o produktové řadě a posledním instalovaném service packu.
            Tato structura je používána funkcí <c>GetVersionEx</c>.
            </summary>
        </member>
        <member name="F:IMP.WinVersionInfo.WinVersionInfo.OSVERSIONINFOEX.dwOSVersionInfoSize">
            <summary>
            dwOSVersionInfoSize
            </summary>
        </member>
        <member name="F:IMP.WinVersionInfo.WinVersionInfo.OSVERSIONINFOEX.dwMajorVersion">
            <summary>
            dwMajorVersion
            </summary>
        </member>
        <member name="F:IMP.WinVersionInfo.WinVersionInfo.OSVERSIONINFOEX.dwMinorVersion">
            <summary>
            dwMinorVersion
            </summary>
        </member>
        <member name="F:IMP.WinVersionInfo.WinVersionInfo.OSVERSIONINFOEX.dwBuildNumber">
            <summary>
            dwBuildNumber
            </summary>
        </member>
        <member name="F:IMP.WinVersionInfo.WinVersionInfo.OSVERSIONINFOEX.dwPlatformId">
            <summary>
            dwPlatformId
            </summary>
        </member>
        <member name="F:IMP.WinVersionInfo.WinVersionInfo.OSVERSIONINFOEX.szCSDVersion">
            <summary>
            szCSDVersion
            </summary>
        </member>
        <member name="F:IMP.WinVersionInfo.WinVersionInfo.OSVERSIONINFOEX.wServicePackMajor">
            <summary>
            wServicePackMajor
            </summary>
        </member>
        <member name="F:IMP.WinVersionInfo.WinVersionInfo.OSVERSIONINFOEX.wServicePackMinor">
            <summary>
            wServicePackMinor
            </summary>
        </member>
        <member name="F:IMP.WinVersionInfo.WinVersionInfo.OSVERSIONINFOEX.wSuiteMask">
            <summary>
            wSuiteMask
            </summary>
        </member>
        <member name="F:IMP.WinVersionInfo.WinVersionInfo.OSVERSIONINFOEX.wProductType">
            <summary>
            wProductType
            </summary>
        </member>
        <member name="F:IMP.WinVersionInfo.WinVersionInfo.OSVERSIONINFOEX.wReserved">
            <summary>
            wReserved
            </summary>
        </member>
        <member name="T:IMP.WinVersionInfo.WinVersionInfo.OSVERSIONINFO">
            <summary>
            Struktura OSVERSIONINFO obsahuje informace o operačním systému. 
            Informace určují číslo verze (major a minor), a číslo sestavení (build), 
            identifikátor platformy a popisný text o operačním systému. 
            Tato structura je používána funkcí <c>GetVersionEx</c>.
            </summary>
        </member>
        <member name="F:IMP.WinVersionInfo.WinVersionInfo.OSVERSIONINFO.dwOSVersionInfoSize">
            <summary>
            dwOSVersionInfoSize
            </summary>
        </member>
        <member name="F:IMP.WinVersionInfo.WinVersionInfo.OSVERSIONINFO.dwMajorVersion">
            <summary>
            dwMajorVersion
            </summary>
        </member>
        <member name="F:IMP.WinVersionInfo.WinVersionInfo.OSVERSIONINFO.dwMinorVersion">
            <summary>
            dwMinorVersion
            </summary>
        </member>
        <member name="F:IMP.WinVersionInfo.WinVersionInfo.OSVERSIONINFO.dwBuildNumber">
            <summary>
            dwBuildNumber
            </summary>
        </member>
        <member name="F:IMP.WinVersionInfo.WinVersionInfo.OSVERSIONINFO.dwPlatformId">
            <summary>
            dwPlatformId
            </summary>
        </member>
        <member name="F:IMP.WinVersionInfo.WinVersionInfo.OSVERSIONINFO.szCSDVersion">
            <summary>
            szCSDVersion
            </summary>
        </member>
        <member name="T:IMP.WinVersionInfo.WinVersionInfo.SYSTEM_INFO">
            <summary>
            Struktura SYSTEM_INFO obsahuje informace o systému. 
            Tato structura je používána funkcí <c>GetSystemInfo</c> a <c>GetNativeSystemInfo</c>.
            </summary>
        </member>
        <member name="F:IMP.WinVersionInfo.WinVersionInfo.SYSTEM_INFO.wProcessorArchitecture">
            <summary>
            System's processor architecture. This value can be one of the following values:
            PROCESSOR_ARCHITECTURE_UNKNOWN, PROCESSOR_ARCHITECTURE_INTEL, PROCESSOR_ARCHITECTURE_IA64, PROCESSOR_ARCHITECTURE_AMD64
            </summary>
        </member>
        <member name="F:IMP.WinVersionInfo.WinVersionInfo.SYSTEM_INFO.wReserved">
            <summary>
            Reserved for future use.
            </summary>
        </member>
        <member name="F:IMP.WinVersionInfo.WinVersionInfo.SYSTEM_INFO.dwPageSize">
            <summary>
            Page size and the granularity of page protection and commitment (VirtualAlloc).
            </summary>
        </member>
        <member name="F:IMP.WinVersionInfo.WinVersionInfo.SYSTEM_INFO.lpMinimumApplicationAddress">
            <summary>
            Pointer to the lowest memory address accessible to applications and dynamic-link libraries (DLLs).
            </summary>
        </member>
        <member name="F:IMP.WinVersionInfo.WinVersionInfo.SYSTEM_INFO.lpMaximumApplicationAddress">
            <summary>
            Pointer to the highest memory address accessible to applications and DLLs.
            </summary>
        </member>
        <member name="F:IMP.WinVersionInfo.WinVersionInfo.SYSTEM_INFO.dwActiveProcessorMask">
            <summary>
            Mask representing the set of processors configured into the system. Bit 0 is processor 0; bit 31 is processor 31.
            </summary>
        </member>
        <member name="F:IMP.WinVersionInfo.WinVersionInfo.SYSTEM_INFO.dwNumberOfProcessors">
            <summary>
            Number of processors in the system
            </summary>
        </member>
        <member name="F:IMP.WinVersionInfo.WinVersionInfo.SYSTEM_INFO.dwProcessorType">
            <summary>
            An obsolete member that is retained for compatibility with Windows NT 3.5 and Windows Me/98/95.
            Use the wProcessorArchitecture, wProcessorLevel, and wProcessorRevision members to determine the type of processor.
            Specifies the type of processor in the system: 386, 486, 586
            </summary>
        </member>
        <member name="F:IMP.WinVersionInfo.WinVersionInfo.SYSTEM_INFO.dwAllocationGranularity">
            <summary>
            Granularity for the starting address at which virtual memory can be allocated. For example, a VirtualAlloc request to allocate 1 byte will reserve an address space of dwAllocationGranularity bytes.
            </summary>
        </member>
        <member name="F:IMP.WinVersionInfo.WinVersionInfo.SYSTEM_INFO.wProcessorLevel">
            <summary>
            System's architecture-dependent processor level. It should be used only for display purposes.
            </summary>
            <remarks>
            If wProcessorArchitecture is PROCESSOR_ARCHITECTURE_INTEL
                wProcessorLevel is defined by the CPU vendor
                (following values: 3 - Intel 80386, 4 - Intel 80486, 5 - Intel Pentium, 6 - Intel Pentium Pro, Pentium II or Pentium III, 15 - Pentium 4)
            
            If wProcessorArchitecture is PROCESSOR_ARCHITECTURE_IA64
                wProcessorLevel is set to 1.
            
            If wProcessorArchitecture is PROCESSOR_ARCHITECTURE_MIPS or PROCESSOR_ARCHITECTURE_ALPHA or PROCESSOR_ARCHITECTURE_PPC
                wProcessorLevel is processor version number
            
            </remarks>
        </member>
        <member name="F:IMP.WinVersionInfo.WinVersionInfo.SYSTEM_INFO.wProcessorRevision">
            <summary>
            Architecture-dependent processor revision
            </summary>
            <remarks>
            The following table shows how the revision value is assembled for each type of processor architecture.
            
            Processor                | Value 
            ----------------------------------------------------------------------------------------------
            Intel Pentium, Cyrix, or | The high byte is the model and the low byte is the stepping. For example,
            NextGen 586              | if the value is xxyy, the model number and stepping can be displayed
                                     } as follows: Model xx, Stepping yy
            ----------------------------------------------------------------------------------------------
            Intel 80386 or 80486     | A value of the form xxyz.
                                     | If xx is equal to 0xFF, y - 0xA is the model number, and z is the stepping
                                     | identifier. For example, an Intel 80486-D0 system returns 0xFFD0
                                     |
                                     | If xx is not equal to 0xFF, xx + 'A' is the stepping letter and yz is the
                                     | minor stepping.
            ----------------------------------------------------------------------------------------------
            </remarks>
        </member>
        <member name="T:IMP.WinVersionInfo.WinVersionInfo.SafeNativeMethods">
            <summary>
            Třída obsahující popis funkce API Win32
            </summary>
            <histories>
            <history date="24.06.2006" author="Jan Holan">Vytvoření třídy</history>
            </histories>
        </member>
        <member name="F:IMP.WinVersionInfo.WinVersionInfo.m_OS">
            <summary>
            .NET třída obsahující základní informace o operačním systému.
            </summary>
        </member>
        <member name="F:IMP.WinVersionInfo.WinVersionInfo.m_OSVersionInfo">
            <summary>
            Win32 API struktura pro získání detailních informací o hostujícím operačním systému.
            </summary>
        </member>
        <member name="F:IMP.WinVersionInfo.WinVersionInfo.m_OsVersionInfoEx">
            <summary>
            Načtena rozšířená Win32 API struktura OSVERSIONINFOEX
            </summary>
        </member>
        <member name="F:IMP.WinVersionInfo.WinVersionInfo.m_ProductInfoProductType">
            <summary>
            Načtena hodnota ProductType funkcí ProductInfo
            </summary>
        </member>
        <member name="F:IMP.WinVersionInfo.WinVersionInfo.m_SystemInfo">
            <summary>
            Win32 API struktura obsahující informace o systému.
            </summary>
        </member>
        <member name="F:IMP.WinVersionInfo.WinVersionInfo.m_OSFullName">
            <summary>
            Gets the string representation of the platform and edition of operating system that are currently installed.
            member varible of <c>OSFullName</c> property
            </summary>
        </member>
        <member name="F:IMP.WinVersionInfo.WinVersionInfo.m_OSName">
            <summary>
            Gets the string representation of the platform of operating system that are currently installed.
            member varible of <c>WindowsName</c> property
            </summary>
        </member>
        <member name="F:IMP.WinVersionInfo.WinVersionInfo.m_OSWindows">
            <summary>
            Gets the platform identifier of windows operating system that are currently installed.
            member varible of <c>OSWindows</c> property
            </summary>
        </member>
        <member name="F:IMP.WinVersionInfo.WinVersionInfo.m_Edition">
            <summary>
            Gets the operating system edition.
            member varible of <c>Edition</c> property
            </summary>
        </member>
        <member name="F:IMP.WinVersionInfo.WinVersionInfo.m_ServicePack">
            <summary>
            Service pack that are currently installed on the operating system.
            member varible of <c>ServicePack</c> property
            </summary>
        </member>
        <member name="F:IMP.WinVersionInfo.WinVersionInfo.m_CSDBuildNumber">
            <summary>
            Service pack CSDBuildNumber on the operating system.
            member varible of <c>CSDBuildNumber</c> property
            </summary>
        </member>
        <member name="F:IMP.WinVersionInfo.WinVersionInfo.m_SpecialEdition">
            <summary>
            Operating system special edition info like Media Center Edition or Windows Server R2 version.
            member varible of <c>SpecialEdition</c> property
            </summary>
        </member>
        <member name="F:IMP.WinVersionInfo.WinVersionInfo.m_VendorIdentifier">
            <summary>
            System's processor manufacturer vendor identifier.
            e.g.: "GenuineIntel" or "AuthenticAMD"
            member varible of <c>VendorIdentifier</c> property
            </summary>
        </member>
        <member name="F:IMP.WinVersionInfo.WinVersionInfo.m_ProcessorModel">
            <summary>
            System's processor model number.
            member varible of <c>ProcessorModel</c> property
            </summary>
        </member>
        <member name="F:IMP.WinVersionInfo.WinVersionInfo.m_ProcessorStepping">
            <summary>
            System's processor stepping number.
            member varible of <c>ProcessorStepping</c> property
            </summary>
        </member>
        <member name="F:IMP.WinVersionInfo.WinVersionInfo.m_ProcessorName">
            <summary>
            System's processor display name.
            member varible of <c>ProcessorName</c> property
            </summary>
        </member>
        <member name="F:IMP.WinVersionInfo.WinVersionInfo.m_ProcessorDescription">
            <summary>
            System's processor description like platform, family and model number
            e.g.: "x86 Family 6 Model 8 Stepping 0".
            member varible of <c>ProcessorDescription</c> property
            </summary>
        </member>
        <member name="F:IMP.WinVersionInfo.WinVersionInfo.m_CPUSpeed">
            <summary>
            System's processor speed in MHz.
            member varible of <c>CPUSpeed</c> property
            </summary>
        </member>
        <member name="F:IMP.WinVersionInfo.WinVersionInfo.m_ProcessorFeaturePresent">
            <summary>
            System's processor features.
            member varible of <c>ProcessorFeaturePresent</c> property
            </summary>
        </member>
        <member name="F:IMP.WinVersionInfo.WinVersionInfo.m_IsWow64Process">
            <summary>
            Gets whether current process is running under WOW64 (x86 emulator that allows 32-bit applications to run on 64-bit).
            member varible of <c>IsWow64Process</c> property
            </summary>
        </member>
        <member name="M:IMP.WinVersionInfo.WinVersionInfo.#ctor">
            <summary>
            Constructors načítá informace o operačního systému s doplňujícími informacemi.
            V případě, že se nepodaří načíst, generuje výjimku <c>NotSupportedException</c>.
            </summary>
            <exception cref="T:System.NotSupportedException">V případě, že se nepodaří načíst info s verzi operačního systému.</exception>
        </member>
        <member name="M:IMP.WinVersionInfo.WinVersionInfo.ToString">
            <summary>
            Gets the concatenated string representation of the platform with edition, service pack and build number of operating system that are currently installed.
            </summary>
            <returns>concatenated string representation of the platform with edition, service pack and build number of operating system that are currently installed</returns>
        </member>
        <member name="M:IMP.WinVersionInfo.WinVersionInfo.VersionInfo">
            <summary>
            Gets the WinVersionInfo object.
            </summary>
            <returns>WinVersionInfo object</returns>
        </member>
        <member name="M:IMP.WinVersionInfo.WinVersionInfo.WindowsVersion">
            <summary>
            Gets the concatenated string representation of the platform with edition, service pack and build number of operating system that are currently installed.
            </summary>
            <returns>concatenated string representation of the platform with edition, service pack and build number of operating system that are currently installed</returns>
        </member>
        <member name="M:IMP.WinVersionInfo.WinVersionInfo.GetOSWindowsVersion(IMP.WinVersionInfo.OSWindowsID)">
            <summary>
            Gets Version for windows operating system identifies by <paramref name="OSWindowsID"/> value.
            </summary>
            <param name="OSWindowsID">Identifies platform of windows operating system</param>
            <returns>Version for windows operating system identifies by <paramref name="OSWindowsID"/> value.</returns>
        </member>
        <member name="P:IMP.WinVersionInfo.WinVersionInfo.Platform">
            <summary>
            Operating system or platform currently installed.
            </summary>
        </member>
        <member name="P:IMP.WinVersionInfo.WinVersionInfo.OSFullName">
            <summary>
            Gets the string representation of the platform with edition of operating system that are currently installed.
            </summary>
        </member>
        <member name="P:IMP.WinVersionInfo.WinVersionInfo.OSName">
            <summary>
            Gets the string representation of the platform of operating system that are currently installed.
            </summary>
        </member>
        <member name="P:IMP.WinVersionInfo.WinVersionInfo.OSWindows">
            <summary>
            Gets the platform identifier of windows operating system that are currently installed.
            </summary>
        </member>
        <member name="P:IMP.WinVersionInfo.WinVersionInfo.OSVersion">
            <summary>
            Version of operating system that are currently installed.
            </summary>
            <remarks>
            Revision number of version is not set, use only major, minor a build numbers
            </remarks>
        </member>
        <member name="P:IMP.WinVersionInfo.WinVersionInfo.OSBuild">
            <summary>
            Build number of operating system that are currently installed.
            </summary>
        </member>
        <member name="P:IMP.WinVersionInfo.WinVersionInfo.ProductType">
            <summary>
            Product type of operating system that are currently installed.
            </summary>
        </member>
        <member name="P:IMP.WinVersionInfo.WinVersionInfo.Edition">
            <summary>
            Gets the operating system edition.
            </summary>
        </member>
        <member name="P:IMP.WinVersionInfo.WinVersionInfo.WindowsArchitecture">
            <summary>
            Operating system architecture version.
            </summary>
        </member>
        <member name="P:IMP.WinVersionInfo.WinVersionInfo.ServicePack">
            <summary>
            Service pack that are currently installed on the operating system.
            </summary>
        </member>
        <member name="P:IMP.WinVersionInfo.WinVersionInfo.ServicePackVersion">
            <summary>
            Version of service pack that are currently installed on the operating system.
            </summary>
        </member>
        <member name="P:IMP.WinVersionInfo.WinVersionInfo.CSDBuildNumber">
            <summary>
            Service pack CSDBuildNumber on the operating system.
            </summary>
        </member>
        <member name="P:IMP.WinVersionInfo.WinVersionInfo.BuildLab">
            <summary>
            BuildLab version string of operating system that are currently installed.
            </summary>
        </member>
        <member name="P:IMP.WinVersionInfo.WinVersionInfo.VersionString">
            <summary>
            Gets the concatenated string representation of the platform with edition, service pack and build number of operating system that are currently installed
            </summary>
        </member>
        <member name="P:IMP.WinVersionInfo.WinVersionInfo.SpecialEdition">
            <summary>
            Operating system special edition info like Media Center Edition or Windows Server R2 version.
            </summary>
        </member>
        <member name="P:IMP.WinVersionInfo.WinVersionInfo.CoreInstallation">
            <summary>
            Core installation of Windows Server 2008 or later operating system 
            </summary>
        </member>
        <member name="P:IMP.WinVersionInfo.WinVersionInfo.NEdition">
            <summary>
            N Editions of Windows Vista or later operating system (Editions without Windows Media Player)
            </summary>
        </member>
        <member name="P:IMP.WinVersionInfo.WinVersionInfo.EEdition">
            <summary>
            E Editions of Windows 7 or later operating system (Editions without Internet Explorer)
            </summary>
        </member>
        <member name="P:IMP.WinVersionInfo.WinVersionInfo.ProcessorArchitecture">
            <summary>
            System's processor architecture.
            </summary>
        </member>
        <member name="P:IMP.WinVersionInfo.WinVersionInfo.NumberOfProcessors">
            <summary>
            System's number of processors.
            </summary>
        </member>
        <member name="P:IMP.WinVersionInfo.WinVersionInfo.ActiveProcessorMask">
            <summary>
            Mask representing the set of processors configured into the system. Bit 0 is processor 0; bit 31 is processor 31.
            </summary>
        </member>
        <member name="P:IMP.WinVersionInfo.WinVersionInfo.VendorIdentifier">
            <summary>
            System's processor manufacturer vendor identifier
            e.g.: "GenuineIntel" or "AuthenticAMD".
            </summary>
        </member>
        <member name="P:IMP.WinVersionInfo.WinVersionInfo.ProcessorFamily">
            <summary>
            System's processor family number.
            </summary>
        </member>
        <member name="P:IMP.WinVersionInfo.WinVersionInfo.ProcessorModel">
            <summary>
            System's processor model number.
            </summary>
        </member>
        <member name="P:IMP.WinVersionInfo.WinVersionInfo.ProcessorStepping">
            <summary>
            System's processor stepping number.
            </summary>
        </member>
        <member name="P:IMP.WinVersionInfo.WinVersionInfo.ProcessorName">
            <summary>
            System's processor display name.
            </summary>
        </member>
        <member name="P:IMP.WinVersionInfo.WinVersionInfo.ProcessorDescription">
            <summary>
            System's processor description like platform, family and model number
            e.g.: "x86 Family 6 Model 8 Stepping 0".
            </summary>
        </member>
        <member name="P:IMP.WinVersionInfo.WinVersionInfo.CPUSpeed">
            <summary>
            System's processor speed in MHz.
            </summary>
        </member>
        <member name="P:IMP.WinVersionInfo.WinVersionInfo.ProcessorFeaturePresent">
            <summary>
            System's processor features.
            </summary>
        </member>
        <member name="P:IMP.WinVersionInfo.WinVersionInfo.IsWow64Process">
            <summary>
            Gets whether current process is running under WOW64 (x86 emulator that allows 32-bit applications to run on 64-bit).
            </summary>
        </member>
        <member name="P:IMP.WinVersionInfo.WinVersionInfo.CLRVersion">
            <summary>
            Version (the major, minor, build, and revision numbers) of the common language runtime.
            </summary>
        </member>
        <member name="P:IMP.WinVersionInfo.WinVersionInfo.FrameworkVersion">
            <summary>
            Version of .NET framework that are currently installed, e.g.: "3.5 SP1".
            </summary>
        </member>
        <member name="M:IMP.WinVersionInfo.WinVersionInfo.GetOSVersionInfo(System.Boolean@)">
            <summary>
            Vrací naplněnou strukturu OSVERSIONINFOEX
            </summary>
            <param name="OsVersionInfoEx">Vrací <c>true</c> pokud byla načtena rozšířená struktura</param>
            <returns>Naplněná struktura GetOSVersionInfo</returns>
            <exception cref="T:System.NotSupportedException">V případě, že se nepodaří načíst ani základní strukturu OSVERSIONINFO.</exception>
        </member>
        <member name="M:IMP.WinVersionInfo.WinVersionInfo.GetSystemInfo">
            <summary>
            Vrací naplněnou strukturu SYSTEM_INFO
            </summary>
            <returns>Naplněná struktura SYSTEM_INFO</returns>
        </member>
        <member name="M:IMP.WinVersionInfo.WinVersionInfo.GetIsProcessorFeaturePresent(System.Int32)">
            <summary>
            Vrací zda procesor podporuje zadanou funkcionalitu
            </summary>
            <returns><c>true</c> pokud procesor podporuje zadanou funkcionalitu</returns>
        </member>
        <member name="M:IMP.WinVersionInfo.WinVersionInfo.GetIsWow64Process">
            <summary>
            Vrací zda aktuální proces běží jako WOW64 (x86 emulator that allows 32-bit applications to run on 64-bit)
            </summary>
            <returns></returns>
        </member>
        <member name="M:IMP.WinVersionInfo.WinVersionInfo.SetWindowsVersionInformation">
            <summary>
            Nastavení informací o platformě a verzi OS, řetězec s popisem operačního systému
            </summary>
            <remarks>
            Nastavuje:
            m_OSFullName, m_OSName, m_OSWindows, m_Edition
            </remarks>
        </member>
        <member name="M:IMP.WinVersionInfo.WinVersionInfo.SetWin32PlatformInformation">
            <summary>
            Získává informace o verzi operačního systému platformy Win32
            </summary>
        </member>
        <member name="M:IMP.WinVersionInfo.WinVersionInfo.SetWin32NTPlatformInformation">
            <summary>
            Získává informace o verzi operačního systému platformy WinNT
            </summary>
        </member>
        <member name="M:IMP.WinVersionInfo.WinVersionInfo.SetWinNT4Information">
            <summary>
            Získává informace o verzi operačního systému Windows NT 4.0
            </summary>
        </member>
        <member name="M:IMP.WinVersionInfo.WinVersionInfo.SetWin2KInformation">
            <summary>
            Získává informace o verzi operačního systému Windows 2000
            </summary>
        </member>
        <member name="M:IMP.WinVersionInfo.WinVersionInfo.SetWinXPInformation">
            <summary>
            Získává informace o verzi operačního systému Windows XP (32-bit)
            </summary>
        </member>
        <member name="M:IMP.WinVersionInfo.WinVersionInfo.SetWin2K3Information">
            <summary>
            Získává informace o verzi operačního systému Windows Server 2003 nebo Windows XP Professional x64 Edition
            </summary>
        </member>
        <member name="M:IMP.WinVersionInfo.WinVersionInfo.SetWinVistaWin2K8Information">
            <summary>
            Získává informace o verzi operačního systému Windows Vista nebo Windows Server 2008
            </summary>
        </member>
        <member name="M:IMP.WinVersionInfo.WinVersionInfo.SetWinVistaInformation">
            <summary>
            Získává informace o verzi operačního systému Windows Vista
            </summary>
        </member>
        <member name="M:IMP.WinVersionInfo.WinVersionInfo.SetWin2K8Information">
            <summary>
            Získává informace o verzi operačního systému Windows Server 2008
            </summary>
        </member>
        <member name="M:IMP.WinVersionInfo.WinVersionInfo.SetWin7Win2K8R2Information">
            <summary>
            Získává informace o verzi operačního systému Windows 7 nebo Windows Server 2008 R2 nebo Windows Small Business Server 2011
            </summary>
        </member>
        <member name="M:IMP.WinVersionInfo.WinVersionInfo.SetWin8Win2012Information">
            <summary>
            Získává informace o verzi operačního systému Windows 8 nebo Windows Server 2012
            </summary>
        </member>
        <member name="M:IMP.WinVersionInfo.WinVersionInfo.SetServicePackString">
            <summary>
            Nastavení informace o Service Packu.
            </summary>
            <remarks>
            Nastavuje m_ServicePack a m_CSDBuildNumber
            </remarks>
        </member>
        <member name="M:IMP.WinVersionInfo.WinVersionInfo.SetSpecialEdition">
            <summary>
            Nastavení SpecialEdition info
            </summary>
            <remarks>
            Nastavuje m_SpecialEdition
            </remarks>
        </member>
        <member name="M:IMP.WinVersionInfo.WinVersionInfo.GetFrameworkVersion">
            <summary>
            Vrací FrameworkVersion
            </summary>
        </member>
        <member name="M:IMP.WinVersionInfo.WinVersionInfo.SetProcessorInformation">
            <summary>
            Natavení informací o procesoru
            </summary>
            <remarks>
            Nastavuje:
            m_VendorIdentifier, m_ProcessorModel, m_ProcessorStepping, m_ProcessorName, m_ProcessorDescription
            m_CPUSpeed, m_ProcessorFeaturePresent, m_IsWow64Process
            </remarks>
        </member>
        <member name="M:IMP.WinVersionInfo.WinVersionInfo.GetProcessorIntelAMDName">
            <summary>
            Vrácení jména procesoru pro x86 Pentium nebo x64 Procesory Intel nebo AMD
            </summary>
        </member>
        <member name="M:IMP.WinVersionInfo.WinVersionInfo.GetProcessorIntelAMDNameDefName">
            <summary>
            Vrácení jména procesoru pro x86 Pentium nebo x64 Procesory Intel nebo AMD
            podle VendorIdentifier, Family a Model number (pro starší systémy
            </summary>
        </member>
        <member name="T:IMP.SharedControls.Design.EditorServiceContext">
            <summary>
            Provides an implementation of IWindowsFormsEditorService ITypeDescriptorContext and IServiceProvider.
            </summary>
        </member>
        <member name="T:IMP.SharedControls.Design.DesignerUtils">
            <summary>
            Designer Helper methods
            </summary>
        </member>
        <member name="T:IMP.SharedControls.Design.DropDownSelectorItemCollectionEditor">
            <summary>
            Collection editor class for MultipleDropDownSelector.SelectorItemCollection
            </summary>
        </member>
        <member name="T:IMP.SharedControls.Design.MultipleDropDownSelectorDesigner">
            <summary>
            MultipleDropDownSelectorDesigner for MultipleDropDownSelector control
            </summary>
        </member>
        <member name="M:IMP.SharedControls.Design.MultipleDropDownSelectorDesigner.InitializeServices">
            <summary>
            This utility method connects the designer to services it will use. 
            </summary>
        </member>
        <member name="T:IMP.SharedControls.Design.MultipleDropDownSelectorActionList">
            <summary>
            MultipleDropDownSelectorActionList class represents a list of smart tag items for MultipleDropDownSelector control
            </summary>
        </member>
        <member name="M:IMP.SharedControls.Design.MultipleDropDownSelectorActionList.GetSortedActionItems">
            <summary>
            This is the method that returns which smart tag items are displayed at any given time.
            </summary>
            <remarks>
            If this method is not overriden, all properties and methods on the class will be returned
            in a collection and the sorting will be based on the order items are returned from reflection.
            </remarks>
            <returns>DesignerActionItemCollection</returns>
        </member>
        <member name="M:IMP.SharedControls.Design.MultipleDropDownSelectorActionList.GetPropertyByName(System.String)">
            <summary>
            Helper method to retrieve control properties. Use of 
            GetProperties enables undo and menu updates to work properly.
            </summary>
            <param name="PropertyName">Property name</param>
            <returns>PropertyDescriptor of Property</returns>
            <exception cref="T:System.ArgumentException">Matching control property not found!</exception>
        </member>
        <member name="T:IMP.SharedControls.MultipleDropDownSelector">
            <summary>
            Control for multiple selection from checkboxes in drop-down list
            </summary>
        </member>
        <member name="T:IMP.SharedControls.MultipleDropDownSelector.DropDownComboBox">
            <summary>
            Class for inner Combobox
            </summary>
        </member>
        <member name="E:IMP.SharedControls.MultipleDropDownSelector.DropDownComboBox.ShowDropDown">
            <summary>
            Drop down event
            </summary>
        </member>
        <member name="M:IMP.SharedControls.MultipleDropDownSelector.DropDownComboBox.OnShowDropDown">
            <summary>
            Fires the ShowDropDown event
            </summary>
        </member>
        <member name="M:IMP.SharedControls.MultipleDropDownSelector.DropDownComboBox.WndProc(System.Windows.Forms.Message@)">
            <summary>
            This overrides help control to handle drop down event.
            </summary>
        </member>
        <member name="T:IMP.SharedControls.MultipleDropDownSelector.InnerCheckBox">
            <summary>
            Class for CheckBox used in MultipleDropDownSelector drop-down list
            </summary>
        </member>
        <member name="M:IMP.SharedControls.MultipleDropDownSelector.InnerCheckBox.WndProc(System.Windows.Forms.Message@)">
            <summary>
            Overrides CheckBox WndProc
            </summary>
        </member>
        <member name="T:IMP.SharedControls.MultipleDropDownSelector.DropDownSelection">
            <summary>
            Type defining one of selection case
            </summary>
        </member>
        <member name="F:IMP.SharedControls.MultipleDropDownSelector.DropDownSelection.None">
            <summary>
            No item is selected
            </summary>
        </member>
        <member name="F:IMP.SharedControls.MultipleDropDownSelector.DropDownSelection.All">
            <summary>
            All items is selected
            </summary>
        </member>
        <member name="F:IMP.SharedControls.MultipleDropDownSelector.DropDownSelection.One">
            <summary>
            One item is selected
            </summary>
        </member>
        <member name="F:IMP.SharedControls.MultipleDropDownSelector.DropDownSelection.Selection">
            <summary>
            More than one item is selected 
            </summary>
        </member>
        <member name="T:IMP.SharedControls.MultipleDropDownSelector._SelectorItemCollection">
            <summary>
            DropDownSelectorCheckBox class interface for COM clients
            </summary>
        </member>
        <member name="T:IMP.SharedControls.MultipleDropDownSelector.SelectorItemCollection">
            <summary>
            Represents a collection of selector items.
            </summary>
        </member>
        <member name="M:IMP.SharedControls.MultipleDropDownSelector.SelectorItemCollection.#ctor(IMP.SharedControls.MultipleDropDownSelector)">
            <summary>
            Initializes a new instance of the SelectorItemCollection class.
            </summary>
            <param name="owner">The MultipleDropDownSelector that this collection belongs to</param>
            <exception cref="T:System.ArgumentNullException">The specified MultipleDropDownSelector is null.</exception>
        </member>
        <member name="M:IMP.SharedControls.MultipleDropDownSelector.SelectorItemCollection.Add(System.String)">
            <summary>
            Adds a new selector item with the specified text to the end of the current collection.
            </summary>
            <param name="text">The label text displayed by the selector item.</param>
            <returns>A selector item that being added to the collection.</returns>
        </member>
        <member name="M:IMP.SharedControls.MultipleDropDownSelector.SelectorItemCollection.Add(IMP.SharedControls.DropDownSelectorCheckBox)">
            <summary>
            Adds a previously created selector item to the end of the collection.
            </summary>
            <param name="item">The selector item to add to the collection.</param>
            <returns>The zero-based index value of the selector item added to the collection.</returns>
            <exception cref="T:System.ArgumentNullException">The item is null.</exception>
        </member>
        <member name="M:IMP.SharedControls.MultipleDropDownSelector.SelectorItemCollection.IMP#SharedControls#MultipleDropDownSelector#_SelectorItemCollection#AddItem(IMP.SharedControls.DropDownSelectorCheckBox)">
            <summary>
            Adds a previously created selector item to the end of the collection.
            </summary>
            <param name="item">The selector item to add to the collection.</param>
            <returns>The zero-based index value of the selector item added to the collection.</returns>
            <exception cref="T:System.ArgumentNullException">The item is null.</exception>
        </member>
        <member name="M:IMP.SharedControls.MultipleDropDownSelector.SelectorItemCollection.Add(System.String,System.String)">
            <summary>
            Creates a new selector item with the specified key and text, and adds it to the collection.
            </summary>
            <param name="key">The name of the selector item.</param>
            <param name="text">The text to display in the selector item.</param>
            <returns>The selector item that was added to the collection.</returns>
        </member>
        <member name="M:IMP.SharedControls.MultipleDropDownSelector.SelectorItemCollection.AddRange(IMP.SharedControls.DropDownSelectorCheckBox[])">
            <summary>
            Adds an array of previously created selector items to the collection.
            </summary>
            <param name="items">An array of selector item objects to add to the collection.</param>
            <exception cref="T:System.ArgumentNullException">Selector items is null.</exception>
        </member>
        <member name="M:IMP.SharedControls.MultipleDropDownSelector.SelectorItemCollection.Clear">
            <summary>
            Removes all selector items from the collection.
            </summary>
        </member>
        <member name="M:IMP.SharedControls.MultipleDropDownSelector.SelectorItemCollection.Contains(IMP.SharedControls.DropDownSelectorCheckBox)">
            <summary>
            Determines whether the specified selector item is a member of the collection.
            </summary>
            <param name="item">The selector item to locate in the collection.</param>
            <returns>true if the selector item is a member of the collection; otherwise, false.</returns>
            <exception cref="T:System.ArgumentNullException">Selector item is null.</exception>
        </member>
        <member name="M:IMP.SharedControls.MultipleDropDownSelector.SelectorItemCollection.ContainsKey(System.String)">
            <summary>
            Determines whether the collection contains a selector item with the specified key.
            </summary>
            <param name="key">The name of the selector item to search for.</param>
            <returns>true to indicate the collection contains a selector item with the specified key; otherwise, false.</returns>
        </member>
        <member name="M:IMP.SharedControls.MultipleDropDownSelector.SelectorItemCollection.GetEnumerator">
            <summary>
            Returns an enumerator that can be used to iterate through the selector item collection.
            </summary>
            <returns>An System.Collections.IEnumerator that represents the selector item collection.</returns>
        </member>
        <member name="M:IMP.SharedControls.MultipleDropDownSelector.SelectorItemCollection.IndexOf(IMP.SharedControls.DropDownSelectorCheckBox)">
            <summary>
            Returns the index of the specified selector item in the collection.
            </summary>
            <param name="item">The selector item to locate in the collection.</param>
            <returns>The zero-based index of the selector item found in the collection; otherwise, -1</returns>
        </member>
        <member name="M:IMP.SharedControls.MultipleDropDownSelector.SelectorItemCollection.IndexOfKey(System.String)">
            <summary>
            Returns the index of the first occurrence of a selector item with the specified key.
            </summary>
            <param name="key">The name of the selector item to search for.</param>
            <returns>The zero-based index of the first occurrence of a selector item with the specified key, if found; otherwise, -1.</returns>
        </member>
        <member name="M:IMP.SharedControls.MultipleDropDownSelector.SelectorItemCollection.Insert(System.Int32,System.String)">
            <summary>
            Creates a selector item with the specified text and inserts it at the specified index.
            </summary>
            <param name="index">The location within the collection to insert the selector item.</param>
            <param name="text">The text to display in the selector item.</param>
            <returns>The selector item that was inserted in the collection.</returns>
        </member>
        <member name="M:IMP.SharedControls.MultipleDropDownSelector.SelectorItemCollection.Insert(System.Int32,IMP.SharedControls.DropDownSelectorCheckBox)">
            <summary>
            Inserts an existing selector item into the collection at the specified location.
            </summary>
            <param name="index">The indexed location within the collection to insert the selector item.</param>
            <param name="item">The selector item to insert into the collection.</param>
            <exception cref="T:System.ArgumentNullException">The item is null.</exception>
        </member>
        <member name="M:IMP.SharedControls.MultipleDropDownSelector.SelectorItemCollection.IMP#SharedControls#MultipleDropDownSelector#_SelectorItemCollection#InsertItem(System.Int32,IMP.SharedControls.DropDownSelectorCheckBox)">
            <summary>
            Inserts an existing selector item into the collection at the specified location.
            </summary>
            <param name="index">The indexed location within the collection to insert the selector item.</param>
            <param name="item">The selector item to insert into the collection.</param>
            <exception cref="T:System.ArgumentNullException">The item is null.</exception>
        </member>
        <member name="M:IMP.SharedControls.MultipleDropDownSelector.SelectorItemCollection.Insert(System.Int32,System.String,System.String)">
            <summary>
            Creates a selector item with the specified text and key, and inserts it into the collection.
            </summary>
            <param name="index">The location within the collection to insert the selector item.</param>
            <param name="key">The name of the selector item.</param>
            <param name="text">The text to display in the selector item.</param>
            <returns>The selector item that was inserted in the collection.</returns>
        </member>
        <member name="M:IMP.SharedControls.MultipleDropDownSelector.SelectorItemCollection.Remove(IMP.SharedControls.DropDownSelectorCheckBox)">
            <summary>
            Removes the specified selector item from the collection.
            </summary>
            <param name="item">The selector item to remove.</param>
            <exception cref="T:System.ArgumentNullException">The selector item is null.</exception>
        </member>
        <member name="M:IMP.SharedControls.MultipleDropDownSelector.SelectorItemCollection.RemoveAt(System.Int32)">
            <summary>
            Removes a selector item from the selector items collection at a specified index.
            </summary>
            <param name="index">The index of the selector item to remove.</param>
        </member>
        <member name="M:IMP.SharedControls.MultipleDropDownSelector.SelectorItemCollection.RemoveByKey(System.String)">
            <summary>
            Removes the selector item with the specified key from the collection.
            </summary>
            <param name="key">The name of the selector item to remove from the collection.</param>
        </member>
        <member name="M:IMP.SharedControls.MultipleDropDownSelector.SelectorItemCollection.CopyTo(IMP.SharedControls.DropDownSelectorCheckBox[],System.Int32)">
            <summary>
            Copies the entire collection into an existing array at a specified location within the array.
            </summary>
            <param name="dest">The destination array.</param>
            <param name="index">The index in the destination array at which storing begins.</param>
        </member>
        <member name="P:IMP.SharedControls.MultipleDropDownSelector.SelectorItemCollection.Count">
            <summary>
            Gets the total number of selector items in the collection.
            </summary>
        </member>
        <member name="P:IMP.SharedControls.MultipleDropDownSelector.SelectorItemCollection.IsReadOnly">
            <summary>
            Gets a value indicating whether the collection is read-only.
            </summary>
        </member>
        <member name="P:IMP.SharedControls.MultipleDropDownSelector.SelectorItemCollection.Item(System.Int32)">
            <summary>
            Gets or sets the selector item at the specified indexed location in the collection.
            </summary>
            <param name="index">The indexed location of the selector item in the collection.</param>
            <returns>The selector item at the specified indexed location in the collection.</returns>
            <exception cref="T:System.ArgumentOutOfRangeException">The index value is less than 0 or is greater than the number of selector items in the collection.</exception>
        </member>
        <member name="P:IMP.SharedControls.MultipleDropDownSelector.SelectorItemCollection.Item(System.String)">
            <summary>
            Gets the selector item with the specified key from the collection.
            </summary>
            <param name="key">The name of the selector item to retrieve from the collection.</param>
            <returns>The selector item with the specified key.</returns>
        </member>
        <member name="P:IMP.SharedControls.MultipleDropDownSelector.SelectorItemCollection.IsSynchronized">
            <summary>
            ICollection.IsSynchronized property
            </summary>
        </member>
        <member name="P:IMP.SharedControls.MultipleDropDownSelector.SelectorItemCollection.SyncRoot">
            <summary>
            ICollection.SyncRoot property
            </summary>
        </member>
        <member name="P:IMP.SharedControls.MultipleDropDownSelector.SelectorItemCollection.IsFixedSize">
            <summary>
            IList.IsFixedSize property
            </summary>
        </member>
        <member name="E:IMP.SharedControls.MultipleDropDownSelector.ValueChanged">
            <summary>
            Occurs when the Value property changes.
            </summary>
        </member>
        <member name="E:IMP.SharedControls.MultipleDropDownSelector.SetSelectionText">
            <summary>
            Provides data to change selection text and tool-tip text.
            </summary>
        </member>
        <member name="E:IMP.SharedControls.MultipleDropDownSelector.ItemChecked">
            <summary>
            Occurs when the checked state of an <see cref="T:IMP.SharedControls.DropDownSelectorCheckBox"/> item changes.
            </summary>
        </member>
        <member name="E:IMP.SharedControls.MultipleDropDownSelector.DropDown">
            <summary>
            Occurs when the drop-down portion of a control is shown.
            </summary>
        </member>
        <member name="E:IMP.SharedControls.MultipleDropDownSelector.DropDownClosed">
            <summary>
            Occurs when the drop-down portion of control is no longer visible
            </summary>
        </member>
        <member name="E:IMP.SharedControls.MultipleDropDownSelector.DropDownSelectionChanged">
            <summary>
            Occurs when the drop-down is closed and selection was changed before.
            </summary>
        </member>
        <member name="E:IMP.SharedControls.MultipleDropDownSelector.BackColorChanged">
            <summary>
            This event is not meaningful for this control.
            </summary>
        </member>
        <member name="E:IMP.SharedControls.MultipleDropDownSelector.BackgroundImageChanged">
            <summary>
            This event is not meaningful for this control.
            </summary>
        </member>
        <member name="E:IMP.SharedControls.MultipleDropDownSelector.BackgroundImageLayoutChanged">
            <summary>
            This event is not meaningful for this control.
            </summary>
        </member>
        <member name="E:IMP.SharedControls.MultipleDropDownSelector.Paint">
            <summary>
            This event is not meaningful for this control.
            </summary>
        </member>
        <member name="E:IMP.SharedControls.MultipleDropDownSelector.TextChanged">
            <summary>
            This event is not meaningful for this control.
            </summary>
        </member>
        <member name="M:IMP.SharedControls.MultipleDropDownSelector.OnValueChanged">
            <summary>
            Fires the ValueChanged event
            </summary>
        </member>
        <member name="M:IMP.SharedControls.MultipleDropDownSelector.OnSetSelectionText(IMP.SharedControls.SetSelectionTextEventArgs)">
            <summary>
            Fires the SetSelectionText event
            </summary>
            <param name="e">SetSelectionTextEventArgs</param>
        </member>
        <member name="M:IMP.SharedControls.MultipleDropDownSelector.OnItemChecked(IMP.SharedControls.DropDownSelectorCheckBox)">
            <summary>
            Fires the ItemChecked event
            </summary>
            <param name="Item">The <see cref="T:IMP.SharedControls.DropDownSelectorCheckBox"/> item that is being checked or unchecked.</param>
        </member>
        <member name="M:IMP.SharedControls.MultipleDropDownSelector.OnDropDown">
            <summary>
            Fires the DropDown event
            </summary>
        </member>
        <member name="M:IMP.SharedControls.MultipleDropDownSelector.OnDropDownClosed">
            <summary>
            Fires the DropDownClosed event
            </summary>
        </member>
        <member name="M:IMP.SharedControls.MultipleDropDownSelector.OnDropDownSelectionChanged">
            <summary>
            Fires the DropDownSelectionChanged event
            </summary>
        </member>
        <member name="F:IMP.SharedControls.MultipleDropDownSelector.m_DroppedDown">
            <summary>
            členská proměnná vlastnosti <c>DroppedDown</c>
            Určuje zda je rozevřené combo
            </summary>
        </member>
        <member name="F:IMP.SharedControls.MultipleDropDownSelector.m_DropDownForm">
            <summary>
            Formulář pro Drop Down
            </summary>
        </member>
        <member name="F:IMP.SharedControls.MultipleDropDownSelector.m_ItemsCollection">
            <summary>
            The collection of DropDownSelectorCheckBox objects assigned to the current MultipleDropDownSelector.
            </summary>
        </member>
        <member name="F:IMP.SharedControls.MultipleDropDownSelector.m_Selection">
            <summary>
            Selection case value
            </summary>
        </member>
        <member name="F:IMP.SharedControls.MultipleDropDownSelector.m_SelectionNameList">
            <summary>
            List of names of selected items
            </summary>
        </member>
        <member name="F:IMP.SharedControls.MultipleDropDownSelector.m_SelectionText">
            <summary>
            Selection text displayed in selection label
            </summary>
        </member>
        <member name="F:IMP.SharedControls.MultipleDropDownSelector.m_ShowItemsToolTips">
            <summary>
            A value indicating whether a items ToolTip is shown on control dropdown.
            </summary>
        </member>
        <member name="F:IMP.SharedControls.MultipleDropDownSelector.m_DropDownMinWidth">
            <summary>
            Minimun width size of drop down list.
            </summary>
        </member>
        <member name="F:IMP.SharedControls.MultipleDropDownSelector.m_DropDownMaxItems">
            <summary>
            Maximum number of items in drop down list to display.
            </summary>
        </member>
        <member name="F:IMP.SharedControls.MultipleDropDownSelector.m_TextForSelectionAll">
            <summary>
            The label text that is displays when all items is selected. if the value is empty, the list of item's text is displayed.
            </summary>
        </member>
        <member name="F:IMP.SharedControls.MultipleDropDownSelector.m_TextForSelectionItems">
            <summary>
            The label text that is displays when more than one item is selected. if the value is empty, the list of selected item's text is displayed.
            </summary>
        </member>
        <member name="F:IMP.SharedControls.MultipleDropDownSelector.m_TextForSelectionEmpty">
            <summary>
            The label text that is displays when no item is selected.
            </summary>
        </member>
        <member name="F:IMP.SharedControls.MultipleDropDownSelector.m_ToolTipTextForSelectionAll">
            <summary>
            The tool-tip text that is used when all items is selected.
            </summary>
        </member>
        <member name="F:IMP.SharedControls.MultipleDropDownSelector.m_ToolTipTextForSelectionEmpty">
            <summary>
            The tool-tip text that is used when no item is selected.
            </summary>
        </member>
        <member name="F:IMP.SharedControls.MultipleDropDownSelector.m_AllowEmpty">
            <summary>
            User can set empty selection.
            </summary>
        </member>
        <member name="F:IMP.SharedControls.MultipleDropDownSelector.m_ShowSelectAllLink">
            <summary>
            Select all link label is displayed in drop down list.
            </summary>
        </member>
        <member name="F:IMP.SharedControls.MultipleDropDownSelector.m_SelectAllLinkText">
            <summary>
            The text of select all link label in drop down.
            </summary>
        </member>
        <member name="F:IMP.SharedControls.MultipleDropDownSelector.m_SelectAllLinkToolTipText">
            <summary>
            The tool-tip text of select all link label in drop down.
            </summary>
        </member>
        <member name="F:IMP.SharedControls.MultipleDropDownSelector.m_CloseOnDoubleClick">
            <summary>
            A value indicating whether the drop-down list is automaticaly closed on double click on the selector checkbox 
            </summary>
        </member>
        <member name="F:IMP.SharedControls.MultipleDropDownSelector.HandledKey">
            <summary>
            Ukčuje zda potlačit klávesu v KeyPress
            </summary>
        </member>
        <member name="M:IMP.SharedControls.MultipleDropDownSelector.#ctor">
            <summary>
            Initializes a new instance of the MultipleDropDownSelector class.
            </summary>
        </member>
        <member name="M:IMP.SharedControls.MultipleDropDownSelector.SelectAll">
            <summary>
            Set selection to all selector items
            </summary>
        </member>
        <member name="M:IMP.SharedControls.MultipleDropDownSelector.SelectOneItem(IMP.SharedControls.DropDownSelectorCheckBox)">
            <summary>
            Set selection to only one specified selector item
            </summary>
            <param name="Item">Selector item</param>
        </member>
        <member name="M:IMP.SharedControls.MultipleDropDownSelector.SelectByNameList(System.String)">
            <summary>
            Set selection by list of names of selector items
            </summary>
            <param name="SelectionNameList">List string of names of selected items</param>
        </member>
        <member name="P:IMP.SharedControls.MultipleDropDownSelector.Items">
            <summary>
            Gets the collection of DropDownSelectorCheckBox objects assigned to the current MultipleDropDownSelector.
            </summary>
        </member>
        <member name="P:IMP.SharedControls.MultipleDropDownSelector.Selection">
            <summary>
            Gets the selection case value
            </summary>
        </member>
        <member name="P:IMP.SharedControls.MultipleDropDownSelector.SelectionNameList">
            <summary>
            Gets the list of names of selected items
            </summary>
        </member>
        <member name="P:IMP.SharedControls.MultipleDropDownSelector.SelectionText">
            <summary>
            Gets the selection text displayed in selection label
            </summary>
        </member>
        <member name="P:IMP.SharedControls.MultipleDropDownSelector.ShowItemsToolTips">
            <summary>
            Gets or sets a value indicating whether a items ToolTip is shown on control dropdown.
            </summary>
        </member>
        <member name="P:IMP.SharedControls.MultipleDropDownSelector.DropDownMinWidth">
            <summary>
            Gets or sets a minimun width size of drop down list.
            </summary>
        </member>
        <member name="P:IMP.SharedControls.MultipleDropDownSelector.DropDownMaxItems">
            <summary>
            Gets or sets a maximum number of items in drop down list to display.
            </summary>
        </member>
        <member name="P:IMP.SharedControls.MultipleDropDownSelector.TextForSelectionAll">
            <summary>
            Gets or sets the label text that is displays when all items is selected. if the value is empty, the list of item's text is displayed.
            </summary>
        </member>
        <member name="P:IMP.SharedControls.MultipleDropDownSelector.TextForSelectionItems">
            <summary>
            Gets or sets the label text that is displays when more than one item is selected. if the value is empty, the list of selected item's text is displayed.
            </summary>
        </member>
        <member name="P:IMP.SharedControls.MultipleDropDownSelector.TextForSelectionEmpty">
            <summary>
            Gets or sets the label text that is displays when no item is selected.
            </summary>
        </member>
        <member name="P:IMP.SharedControls.MultipleDropDownSelector.ToolTipTextForSelectionAll">
            <summary>
            Gets or sets the tool-tip text that is used when all items is selected.
            </summary>
        </member>
        <member name="P:IMP.SharedControls.MultipleDropDownSelector.ToolTipTextForSelectionEmpty">
            <summary>
            Gets or sets the tool-tip text that is used when no item is selected.
            </summary>
        </member>
        <member name="P:IMP.SharedControls.MultipleDropDownSelector.AllowEmpty">
            <summary>
            Gets or sets if user can set empty selection.
            </summary>
        </member>
        <member name="P:IMP.SharedControls.MultipleDropDownSelector.ShowSelectAllLink">
            <summary>
            Gets or sets if select all link label is displayed in drop down list
            </summary>
        </member>
        <member name="P:IMP.SharedControls.MultipleDropDownSelector.SelectAllLinkText">
            <summary>
            Gets or sets the text of select all link label in drop down.
            </summary>
        </member>
        <member name="P:IMP.SharedControls.MultipleDropDownSelector.SelectAllLinkToolTipText">
            <summary>
            Gets or sets the tool-tip text of select all link label in drop down.
            </summary>
        </member>
        <member name="P:IMP.SharedControls.MultipleDropDownSelector.CloseOnDoubleClick">
            <summary>
            Gets or sets a value indicating whether the drop-down list is automaticaly closed on double click on the selector checkbox 
            </summary>
        </member>
        <member name="P:IMP.SharedControls.MultipleDropDownSelector.ForeColor">
            <summary>
            The Foreground color used to display selection text in the control.
            </summary>
        </member>
        <member name="P:IMP.SharedControls.MultipleDropDownSelector.DroppedDown">
            <summary>
            Určuje zda je rozevřené combo
            </summary>
        </member>
        <member name="P:IMP.SharedControls.MultipleDropDownSelector.Text">
            <summary>
            This property is not meaningful for this control.
            </summary>
        </member>
        <member name="P:IMP.SharedControls.MultipleDropDownSelector.RightToLeft">
            <summary>
            Indicates whether the control should draw right-to-left for RTL languages.
            </summary>
        </member>
        <member name="P:IMP.SharedControls.MultipleDropDownSelector.BorderStyle">
            <summary>
            This property is not meaningful for this control.
            </summary>
        </member>
        <member name="P:IMP.SharedControls.MultipleDropDownSelector.BackColor">
            <summary>
            This property is not meaningful for this control.
            </summary>
        </member>
        <member name="P:IMP.SharedControls.MultipleDropDownSelector.BackgroundImage">
            <summary>
            This property is not meaningful for this control.
            </summary>
        </member>
        <member name="P:IMP.SharedControls.MultipleDropDownSelector.BackgroundImageLayout">
            <summary>
            This property is not meaningful for this control.
            </summary>
        </member>
        <member name="P:IMP.SharedControls.MultipleDropDownSelector.DoubleBuffered">
            <summary>
            This property is not meaningful for this control.
            </summary>
        </member>
        <member name="M:IMP.SharedControls.MultipleDropDownSelector.OnResize(System.EventArgs)">
            <summary>
            This member overrides <see cref="M:System.Windows.Forms.UserControl.OnResize(System.EventArgs)"/>.
            </summary>
            <param name="e"></param>
        </member>
        <member name="M:IMP.SharedControls.MultipleDropDownSelector.OnFontChanged(System.EventArgs)">
            <summary>
            This member overrides <see cref="M:System.Windows.Forms.ContainerControl.OnFontChanged(System.EventArgs)"/>.
            </summary>
            <param name="e"></param>
        </member>
        <member name="M:IMP.SharedControls.MultipleDropDownSelector.OnEnabledChanged(System.EventArgs)">
            <summary>
            This member overrides <see cref="M:System.Windows.Forms.Control.OnEnabledChanged(System.EventArgs)"/>.
            </summary>
            <param name="e"></param>
        </member>
        <member name="M:IMP.SharedControls.MultipleDropDownSelector.OnKeyDown(System.Windows.Forms.KeyEventArgs)">
            <summary>
            This member overrides <see cref="M:System.Windows.Forms.Control.OnKeyDown(System.Windows.Forms.KeyEventArgs)"/>.
            </summary>
            <param name="e"></param>
        </member>
        <member name="M:IMP.SharedControls.MultipleDropDownSelector.OnKeyPress(System.Windows.Forms.KeyPressEventArgs)">
            <summary>
            This member overrides <see cref="M:System.Windows.Forms.Control.OnKeyPress(System.Windows.Forms.KeyPressEventArgs)"/>.
            </summary>
            <param name="e"></param>
        </member>
        <member name="M:IMP.SharedControls.MultipleDropDownSelector.OnMouseDown(System.Windows.Forms.MouseEventArgs)">
            <summary>
            This member overrides <see cref="M:System.Windows.Forms.UserControl.OnMouseDown(System.Windows.Forms.MouseEventArgs)"/>.
            </summary>
            <param name="e"></param>
        </member>
        <member name="M:IMP.SharedControls.MultipleDropDownSelector.OnMouseEnter(System.EventArgs)">
            <summary>
            This member overrides <see cref="M:System.Windows.Forms.Control.OnMouseEnter(System.EventArgs)"/>.
            </summary>
            <param name="e"></param>
        </member>
        <member name="M:IMP.SharedControls.MultipleDropDownSelector.OnMouseLeave(System.EventArgs)">
            <summary>
            This member overrides <see cref="M:System.Windows.Forms.Control.OnMouseLeave(System.EventArgs)"/>.
            </summary>
            <param name="e"></param>
        </member>
        <member name="M:IMP.SharedControls.MultipleDropDownSelector.ShowDropDownForm">
            <summary>
            Opens the drop down form
            </summary>
        </member>
        <member name="M:IMP.SharedControls.MultipleDropDownSelector.HideDropDownForm">
            <summary>
            Programing close the drop down form
            </summary>
        </member>
        <member name="M:IMP.SharedControls.MultipleDropDownSelector.EndDropDown">
            <summary>
            Ending drop down
            </summary>
        </member>
        <member name="F:IMP.SharedControls.MultipleDropDownSelector.components">
            <summary> 
            Required designer variable.
            </summary>
        </member>
        <member name="M:IMP.SharedControls.MultipleDropDownSelector.Dispose(System.Boolean)">
            <summary> 
            Clean up any resources being used.
            </summary>
            <param name="disposing">true if managed resources should be disposed; otherwise, false.</param>
        </member>
        <member name="M:IMP.SharedControls.MultipleDropDownSelector.InitializeComponent">
            <summary> 
            Required method for Designer support - do not modify 
            the contents of this method with the code editor.
            </summary>
        </member>
        <member name="T:IMP.SharedControls._DropDownSelectorCheckBox">
            <summary>
            DropDownSelectorCheckBox class interface for COM clients
            </summary>
        </member>
        <member name="T:IMP.SharedControls.DropDownSelectorCheckBox">
            <summary>
            CheckBox item of selector in MultipleDropDownSelector control.
            </summary>
        </member>
        <member name="F:IMP.SharedControls.DropDownSelectorCheckBox.m_Name">
            <summary>
            The name of the selector checkbox.
            </summary>
        </member>
        <member name="F:IMP.SharedControls.DropDownSelectorCheckBox.m_Text">
            <summary>
            The text displayed in the label of the selector checkbox.
            </summary>
        </member>
        <member name="F:IMP.SharedControls.DropDownSelectorCheckBox.m_SelectionText">
            <summary>
            The text that is used in owner list of selected items instead of item's text.
            </summary>
        </member>
        <member name="F:IMP.SharedControls.DropDownSelectorCheckBox.m_Checked">
            <summary>
            A value indicating whether the selector checkbox is in a checked state.
            </summary>
        </member>
        <member name="F:IMP.SharedControls.DropDownSelectorCheckBox.m_ToolTipText">
            <summary>
            The text that appears when the mouse pointer hovers over a DropDownSelectorCheckBox.
            </summary>
        </member>
        <member name="F:IMP.SharedControls.DropDownSelectorCheckBox.m_UserData">
            <summary>
            The object that contains data about the item.
            </summary>
        </member>
        <member name="M:IMP.SharedControls.DropDownSelectorCheckBox.#ctor">
            <summary>
            Initializes a new instance of the DropDownSelectorCheckBox class.
            </summary>
        </member>
        <member name="M:IMP.SharedControls.DropDownSelectorCheckBox.#ctor(System.String)">
            <summary>
            Initializes a new instance of the DropDownSelectorCheckBox class.
            </summary>
            <param name="Text">The label text of the new selector checkbox item</param>
        </member>
        <member name="M:IMP.SharedControls.DropDownSelectorCheckBox.#ctor(System.String,System.String)">
            <summary>
            Initializes a new instance of the DropDownSelectorCheckBox class.
            </summary>
            <param name="Text">The label text of the new selector checkbox item</param>
            <param name="SelectionText">The selection text of the new selector checkbox item</param>
        </member>
        <member name="M:IMP.SharedControls.DropDownSelectorCheckBox.#ctor(System.Runtime.Serialization.SerializationInfo,System.Runtime.Serialization.StreamingContext)">
            <summary>
            Initializes a new instance of the DropDownSelectorCheckBox class using the specified serialization information and context.
            </summary>
            <param name="info">A System.Runtime.Serialization.SerializationInfo containing the data to deserialize the class.</param>
            <param name="context">The System.Runtime.Serialization.StreamingContext containing the source and destination of the serialized stream.</param>
        </member>
        <member name="P:IMP.SharedControls.DropDownSelectorCheckBox.Owner">
            <summary>
            Gets the MultipleDropDownSelector control that contains the item.
            </summary>
        </member>
        <member name="P:IMP.SharedControls.DropDownSelectorCheckBox.Name">
            <summary>
            Gets or sets the name of the selector checkbox.
            </summary>
        </member>
        <member name="P:IMP.SharedControls.DropDownSelectorCheckBox.Text">
            <summary>
            Gets or sets the text displayed in the label of the selector checkbox.
            </summary>
        </member>
        <member name="P:IMP.SharedControls.DropDownSelectorCheckBox.SelectionText">
            <summary>
            Gets or sets the text that is used in owner list of selected items instead of item's text.
            </summary>
        </member>
        <member name="P:IMP.SharedControls.DropDownSelectorCheckBox.Checked">
            <summary>
            Gets or sets a value indicating whether the selector checkbox is in a checked state.
            </summary>
        </member>
        <member name="P:IMP.SharedControls.DropDownSelectorCheckBox.ToolTipText">
            <summary>
            Gets or sets the text that appears when the mouse pointer hovers over a DropDownSelectorCheckBox.
            </summary>
        </member>
        <member name="P:IMP.SharedControls.DropDownSelectorCheckBox.Tag">
            <summary>
            Gets or sets the object that contains data about the item.
            </summary>
        </member>
        <member name="M:IMP.SharedControls.DropDownSelectorCheckBox.Clone">
            <summary>
            Copies the selector checkbox.
            </summary>
            <returns>The System.Object that represents the cloned DropDownSelectorCheckBox.</returns>
        </member>
        <member name="M:IMP.SharedControls.DropDownSelectorCheckBox.GetObjectData(System.Runtime.Serialization.SerializationInfo,System.Runtime.Serialization.StreamingContext)">
            <summary>
            Populates a System.Runtime.Serialization.SerializationInfo with the data needed to serialize the target object.
            </summary>
            <param name="info">The System.Runtime.Serialization.SerializationInfo to populate with data.</param>
            <param name="context">The destination (see System.Runtime.Serialization.StreamingContext) for this serialization.</param>
        </member>
        <member name="M:IMP.SharedControls.DropDownSelectorCheckBox.ToString">
            <summary>
            Returns a string that represents the DropDownSelectorCheckBox.
            </summary>
            <returns>A string that represents the current DropDownSelectorCheckBox.</returns>
        </member>
        <member name="T:IMP.SharedControls.DropDownSelectorItemConverter">
            <summary>
            Provides a type converter to convert DropDownSelectorCheckBox objects to and from various other representations.
            </summary>
        </member>
        <member name="M:IMP.SharedControls.DropDownSelectorItemConverter.#ctor">
            <summary>
            Initializes a new instance of the DropDownSelectorItemConverter class.
            </summary>
        </member>
        <member name="M:IMP.SharedControls.DropDownSelectorItemConverter.CanConvertTo(System.ComponentModel.ITypeDescriptorContext,System.Type)">
            <summary>
            Gets a value indicating whether this converter can convert an object to the given destination type using the context.
            </summary>
            <param name="context">An System.ComponentModel.ITypeDescriptorContext that provides a format context.</param>
            <param name="destinationType">A System.Type that represents the type you wish to convert to.</param>
            <returns>true if this converter can perform the conversion; otherwise, false.</returns>
        </member>
        <member name="M:IMP.SharedControls.DropDownSelectorItemConverter.ConvertTo(System.ComponentModel.ITypeDescriptorContext,System.Globalization.CultureInfo,System.Object,System.Type)">
            <summary>
            Converts the given object to another type.
            </summary>
            <param name="context">
            A formatter context. This object can be used to extract additional information
            about the environment this converter is being invoked from. This may be null,
            so you should always check. Also, properties on the context object may also
            return null.
            </param>
            <param name="culture">An optional culture info. If not supplied the current culture is assumed.</param>
            <param name="value">The object to convert.</param>
            <param name="destinationType">The type to convert the object to.</param>
            <returns>The converted object.</returns>
        </member>
        <member name="T:IMP.SharedControls.SelectorDropDownForm">
            <summary>
            Provides a System.Windows.Forms.Form that displays drop down for MultipleDropDownSelector control
            </summary>
        </member>
        <member name="T:IMP.SharedControls.SelectorDropDownForm.UnsafeNativeMethods">
            <summary>
            Třída obsahující popis funkce API Win32
            </summary>
        </member>
        <member name="E:IMP.SharedControls.SelectorDropDownForm.CloseDropDown">
            <summary>
            Zavření drop down formuláře
            </summary>
        </member>
        <member name="M:IMP.SharedControls.SelectorDropDownForm.OnCloseDropDown">
            <summary>
            Fires the CloseDropDown event
            </summary>
        </member>
        <member name="F:IMP.SharedControls.SelectorDropDownForm.DropDownSelector">
            <summary>
            Parent control of type <c>MultipleDropDownSelector</c>
            </summary>
        </member>
        <member name="F:IMP.SharedControls.SelectorDropDownForm.m_DropDownSize">
            <summary>
            Velikost dorp down controlu
            </summary>
        </member>
        <member name="M:IMP.SharedControls.SelectorDropDownForm.#ctor(IMP.SharedControls.MultipleDropDownSelector)">
            <summary>
            DropDownFormTemplate contructor
            </summary>
        </member>
        <member name="M:IMP.SharedControls.SelectorDropDownForm.Show">
            <summary>
            Shows the form on the parent location
            </summary>
        </member>
        <member name="M:IMP.SharedControls.SelectorDropDownForm.Hide">
            <summary>
            Hide drop down form
            </summary>
        </member>
        <member name="M:IMP.SharedControls.SelectorDropDownForm.RefreshDropDownCheckBoxes">
            <summary>
            Obnova <c>Checked</c> checkboxů 
            </summary>
        </member>
        <member name="M:IMP.SharedControls.SelectorDropDownForm.AltKeyIsDown">
            <summary>
            Gets a value indicating if the ALT key is down
            </summary>
            <returns><c>true</c> if the ALT key is down, otherwise <c>false</c></returns>
        </member>
        <member name="T:IMP.SharedControls.SetSelectionTextEventArgs">
            <summary>
            Provides data for the SetSelectionText event of a MultipleDropDownSelector control.
            </summary>
        </member>
        <member name="M:IMP.SharedControls.SetSelectionTextEventArgs.#ctor(System.String,System.String)">
            <summary>
            Initializes a new instance of the SelectionPanelEventArgs class.
            </summary>
            <param name="SelectionText">Selection text displayed in selection label.</param>
            <param name="SelectionToolTip">Selection tool-tip text.</param>
        </member>
        <member name="P:IMP.SharedControls.SetSelectionTextEventArgs.SelectionText">
            <summary>
            Selection text displayed in selection label.
            </summary>
        </member>
        <member name="P:IMP.SharedControls.SetSelectionTextEventArgs.SelectionToolTip">
            <summary>
            Selection tool-tip text
            </summary>
        </member>
        <member name="T:IMP.SharedControls.DropDownItemCheckedEventArgs">
            <summary>
            Provides data for the ItemChecked event of a MultipleDropDownSelector control.
            </summary>
        </member>
        <member name="M:IMP.SharedControls.DropDownItemCheckedEventArgs.#ctor(IMP.SharedControls.DropDownSelectorCheckBox)">
            <summary>
            Initializes a new instance of the ItemCheckedEventArgs class.
            </summary>
            <param name="Item">The <see cref="T:IMP.SharedControls.DropDownSelectorCheckBox"/> item that is being checked or unchecked.</param>
        </member>
        <member name="P:IMP.SharedControls.DropDownItemCheckedEventArgs.Item">
            <summary>
            Gets the <see cref="T:IMP.SharedControls.DropDownSelectorCheckBox"/> item whose checked state is changing.
            </summary>
        </member>
    </members>
</doc>
